scope,shard_suffix,event_name,events,distinct_users
all_shards_all_events,,,5700000,15175
all_shards_per_event,,screen_view,2247623,14077
all_shards_per_event,,user_engagement,1358958,13588
all_shards_per_event,,level_start_quickplay,523430,10166
all_shards_per_event,,level_end_quickplay,349729,8168
all_shards_per_event,,post_score,242051,8580
all_shards_per_event,,level_complete_quickplay,191088,5676
all_shards_per_event,,level_fail_quickplay,137035,6343
all_shards_per_event,,level_reset_quickplay,122278,3517
all_shards_per_event,,select_content,105139,11111
all_shards_per_event,,level_start,74417,4774
all_shards_per_event,,session_start,74353,12261
all_shards_per_event,,level_end,54582,4378
all_shards_per_event,,level_retry,43345,3528
all_shards_per_event,,level_up,35666,3898
all_shards_per_event,,level_complete,33986,3658
all_shards_per_event,,level_retry_quickplay,29939,2940
all_shards_per_event,,level_fail,17353,2379
all_shards_per_event,,spend_virtual_currency,9363,2044
all_shards_per_event,,use_extra_steps,8945,1884
all_shards_per_event,,level_reset,8535,1806
all_shards_per_event,,firebase_campaign,5411,2735
all_shards_per_event,,app_exception,5156,789
all_shards_per_event,,first_open,4322,4319
all_shards_per_event,,os_update,3290,3003
all_shards_per_event,,no_more_extra_steps,2792,1193
all_shards_per_event,,app_remove,2639,2635
all_shards_per_event,,app_update,2473,2312
all_shards_per_event,,ad_reward,1912,354
all_shards_per_event,,completed_5_levels,1867,1597
all_shards_per_event,,error,1714,595
all_shards_per_event,,challenge_a_friend,524,246
all_shards_per_event,,in_app_purchase,27,27
all_shards_per_event,,dynamic_link_app_open,19,11
all_shards_per_event,,app_clear_data,17,15
all_shards_per_event,,dynamic_link_first_open,16,16
all_shards_per_event,,challenge_accepted,5,4
all_shards_per_event,,notification_foreground,1,1
per_shard_per_event,20180902,screen_view,23168,467
per_shard_per_event,20180925,screen_view,23054,475
per_shard_per_event,20180616,screen_view,22776,410
per_shard_per_event,20180906,screen_view,22733,497
per_shard_per_event,20180923,screen_view,22642,551
per_shard_per_event,20180918,screen_view,22611,474
per_shard_per_event,20180904,screen_view,22512,454
per_shard_per_event,20180927,screen_view,22475,627
per_shard_per_event,20180921,screen_view,22393,512
per_shard_per_event,20180919,screen_view,22235,502
per_shard_per_event,20180907,screen_view,22179,514
per_shard_per_event,20180916,screen_view,22078,441
per_shard_per_event,20180913,screen_view,21974,484
per_shard_per_event,20180908,screen_view,21962,507
per_shard_per_event,20180922,screen_view,21926,506
per_shard_per_event,20180911,screen_view,21786,458
per_shard_per_event,20180915,screen_view,21760,418
per_shard_per_event,20180615,screen_view,21681,464
per_shard_per_event,20180625,user_engagement,21620,845
per_shard_per_event,20180614,screen_view,21609,482
per_shard_per_event,20180905,screen_view,21555,507
per_shard_per_event,20180617,screen_view,21546,429
per_shard_per_event,20180701,user_engagement,21363,815
per_shard_per_event,20180626,user_engagement,21341,795
per_shard_per_event,20180917,screen_view,21334,466
per_shard_per_event,20180613,screen_view,21329,499
per_shard_per_event,20180924,screen_view,21285,447
per_shard_per_event,20180926,screen_view,21285,514
per_shard_per_event,20180612,screen_view,21281,427
per_shard_per_event,20180818,screen_view,21265,479
per_shard_per_event,20180910,screen_view,21263,526
per_shard_per_event,20180920,screen_view,21212,430
per_shard_per_event,20180831,screen_view,21169,441
per_shard_per_event,20180627,screen_view,21143,384
per_shard_per_event,20180830,screen_view,21143,467
per_shard_per_event,20180829,screen_view,21070,478
per_shard_per_event,20180630,user_engagement,21047,835
per_shard_per_event,20180725,screen_view,21043,390
per_shard_per_event,20180819,screen_view,21027,435
per_shard_per_event,20180816,screen_view,21023,432
per_shard_per_event,20181002,screen_view,21000,468
per_shard_per_event,20180929,screen_view,20929,524
per_shard_per_event,20180718,screen_view,20926,363
per_shard_per_event,20180930,screen_view,20885,497
per_shard_per_event,20180703,screen_view,20879,412
per_shard_per_event,20180629,screen_view,20861,478
per_shard_per_event,20180624,screen_view,20852,377
per_shard_per_event,20180824,screen_view,20845,456
per_shard_per_event,20180713,screen_view,20844,444
per_shard_per_event,20180822,screen_view,20799,433
per_shard_per_event,20180826,screen_view,20791,432
per_shard_per_event,20180628,user_engagement,20649,808
per_shard_per_event,20180912,screen_view,20645,537
per_shard_per_event,20180715,screen_view,20618,391
per_shard_per_event,20180620,screen_view,20608,361
per_shard_per_event,20180712,screen_view,20558,431
per_shard_per_event,20180827,screen_view,20548,465
per_shard_per_event,20180724,screen_view,20544,414
per_shard_per_event,20180825,screen_view,20541,472
per_shard_per_event,20180810,screen_view,20528,354
per_shard_per_event,20180622,screen_view,20519,408
per_shard_per_event,20180801,screen_view,20493,427
per_shard_per_event,20180909,screen_view,20487,536
per_shard_per_event,20180726,screen_view,20466,400
per_shard_per_event,20180727,screen_view,20460,441
per_shard_per_event,20180728,screen_view,20450,447
per_shard_per_event,20180901,screen_view,20445,436
per_shard_per_event,20180813,screen_view,20440,479
per_shard_per_event,20180828,screen_view,20437,440
per_shard_per_event,20180706,screen_view,20418,394
per_shard_per_event,20180823,screen_view,20414,406
per_shard_per_event,20180717,screen_view,20412,352
per_shard_per_event,20180817,screen_view,20411,434
per_shard_per_event,20180803,screen_view,20405,529
per_shard_per_event,20180731,screen_view,20388,420
per_shard_per_event,20180702,screen_view,20378,428
per_shard_per_event,20180710,screen_view,20373,427
per_shard_per_event,20180704,screen_view,20342,402
per_shard_per_event,20180723,screen_view,20326,418
per_shard_per_event,20180708,screen_view,20301,362
per_shard_per_event,20180804,screen_view,20294,515
per_shard_per_event,20180807,screen_view,20292,464
per_shard_per_event,20180623,screen_view,20261,432
per_shard_per_event,20180621,screen_view,20248,381
per_shard_per_event,20180914,screen_view,20234,462
per_shard_per_event,20180812,screen_view,20232,439
per_shard_per_event,20180821,screen_view,20200,449
per_shard_per_event,20180808,screen_view,20186,475
per_shard_per_event,20180705,screen_view,20172,400
per_shard_per_event,20180806,screen_view,20170,474
per_shard_per_event,20180811,screen_view,20166,427
per_shard_per_event,20180707,screen_view,20148,426
per_shard_per_event,20180809,screen_view,20143,438
per_shard_per_event,20180719,screen_view,20120,330
per_shard_per_event,20180802,screen_view,20041,488
per_shard_per_event,20180820,screen_view,20014,438
per_shard_per_event,20180709,screen_view,19976,403
per_shard_per_event,20181003,screen_view,19956,469
per_shard_per_event,20180903,screen_view,19944,445
per_shard_per_event,20180815,screen_view,19939,394
per_shard_per_event,20180729,screen_view,19880,459
per_shard_per_event,20180805,screen_view,19873,497
per_shard_per_event,20180730,screen_view,19833,460
per_shard_per_event,20180721,screen_view,19831,471
per_shard_per_event,20180814,screen_view,19794,421
per_shard_per_event,20180711,screen_view,19778,404
per_shard_per_event,20181001,screen_view,19755,461
per_shard_per_event,20180928,screen_view,19704,514
per_shard_per_event,20180722,screen_view,19656,392
per_shard_per_event,20180720,screen_view,19564,408
per_shard_per_event,20180714,screen_view,19495,389
per_shard_per_event,20180716,screen_view,19386,384
per_shard_per_event,20180618,user_engagement,17544,566
per_shard_per_event,20180619,user_engagement,15293,583
per_shard_per_event,20180712,user_engagement,11879,432
per_shard_per_event,20180627,user_engagement,11860,389
per_shard_per_event,20180709,user_engagement,11827,406
per_shard_per_event,20180728,user_engagement,11821,457
per_shard_per_event,20180718,user_engagement,11812,370
per_shard_per_event,20180731,user_engagement,11808,425
per_shard_per_event,20180707,user_engagement,11793,438
per_shard_per_event,20180703,user_engagement,11780,416
per_shard_per_event,20180930,user_engagement,11777,499
per_shard_per_event,20180727,user_engagement,11768,449
per_shard_per_event,20180813,user_engagement,11760,489
per_shard_per_event,20180624,user_engagement,11744,383
per_shard_per_event,20180704,user_engagement,11736,407
per_shard_per_event,20180713,user_engagement,11736,451
per_shard_per_event,20180711,user_engagement,11727,409
per_shard_per_event,20180710,user_engagement,11723,429
per_shard_per_event,20180714,user_engagement,11692,389
per_shard_per_event,20180929,user_engagement,11680,539
per_shard_per_event,20180908,user_engagement,11678,515
per_shard_per_event,20180826,user_engagement,11666,438
per_shard_per_event,20180708,user_engagement,11641,368
per_shard_per_event,20180724,user_engagement,11641,416
per_shard_per_event,20180702,user_engagement,11605,434
per_shard_per_event,20180723,user_engagement,11596,425
per_shard_per_event,20180720,user_engagement,11595,412
per_shard_per_event,20180817,user_engagement,11590,438
per_shard_per_event,20180913,user_engagement,11586,488
per_shard_per_event,20180812,user_engagement,11579,442
per_shard_per_event,20180729,user_engagement,11576,474
per_shard_per_event,20180620,user_engagement,11571,367
per_shard_per_event,20180910,user_engagement,11566,524
per_shard_per_event,20180621,user_engagement,11549,389
per_shard_per_event,20180615,user_engagement,11542,467
per_shard_per_event,20180901,user_engagement,11536,445
per_shard_per_event,20180629,user_engagement,11530,485
per_shard_per_event,20181002,user_engagement,11530,471
per_shard_per_event,20180821,user_engagement,11520,462
per_shard_per_event,20180825,user_engagement,11512,474
per_shard_per_event,20180726,user_engagement,11506,400
per_shard_per_event,20180912,user_engagement,11503,545
per_shard_per_event,20180715,user_engagement,11499,398
per_shard_per_event,20180823,user_engagement,11499,408
per_shard_per_event,20180820,user_engagement,11463,455
per_shard_per_event,20180803,user_engagement,11459,534
per_shard_per_event,20180818,user_engagement,11452,486
per_shard_per_event,20180623,user_engagement,11448,439
per_shard_per_event,20180816,user_engagement,11444,439
per_shard_per_event,20180706,user_engagement,11443,395
per_shard_per_event,20180829,user_engagement,11440,485
per_shard_per_event,20180903,user_engagement,11440,456
per_shard_per_event,20180914,user_engagement,11436,468
per_shard_per_event,20180719,user_engagement,11427,333
per_shard_per_event,20180917,user_engagement,11418,465
per_shard_per_event,20180926,user_engagement,11415,515
per_shard_per_event,20180827,user_engagement,11414,477
per_shard_per_event,20180717,user_engagement,11413,356
per_shard_per_event,20180811,user_engagement,11411,437
per_shard_per_event,20180911,user_engagement,11392,463
per_shard_per_event,20180831,user_engagement,11383,451
per_shard_per_event,20180614,user_engagement,11375,480
per_shard_per_event,20180905,user_engagement,11354,515
per_shard_per_event,20180805,user_engagement,11347,502
per_shard_per_event,20180705,user_engagement,11344,405
per_shard_per_event,20180822,user_engagement,11338,435
per_shard_per_event,20180904,user_engagement,11318,457
per_shard_per_event,20180922,user_engagement,11298,514
per_shard_per_event,20180819,user_engagement,11288,449
per_shard_per_event,20180622,user_engagement,11285,415
per_shard_per_event,20180902,user_engagement,11281,473
per_shard_per_event,20180907,user_engagement,11273,514
per_shard_per_event,20180725,user_engagement,11272,396
per_shard_per_event,20180809,user_engagement,11265,441
per_shard_per_event,20180928,user_engagement,11263,528
per_shard_per_event,20180808,user_engagement,11260,482
per_shard_per_event,20180924,user_engagement,11256,455
per_shard_per_event,20180804,user_engagement,11254,524
per_shard_per_event,20180730,user_engagement,11245,468
per_shard_per_event,20180810,user_engagement,11245,355
per_shard_per_event,20180916,user_engagement,11244,442
per_shard_per_event,20180830,user_engagement,11238,477
per_shard_per_event,20180721,user_engagement,11232,485
per_shard_per_event,20180801,user_engagement,11230,433
per_shard_per_event,20180806,user_engagement,11230,479
per_shard_per_event,20180909,user_engagement,11222,537
per_shard_per_event,20180915,user_engagement,11200,423
per_shard_per_event,20180807,user_engagement,11188,474
per_shard_per_event,20180802,user_engagement,11180,490
per_shard_per_event,20180828,user_engagement,11166,447
per_shard_per_event,20180824,user_engagement,11165,466
per_shard_per_event,20180923,user_engagement,11150,556
per_shard_per_event,20180925,user_engagement,11143,476
per_shard_per_event,20180906,user_engagement,11138,496
per_shard_per_event,20180814,user_engagement,11103,429
per_shard_per_event,20180927,user_engagement,11089,624
per_shard_per_event,20180616,user_engagement,11086,412
per_shard_per_event,20180921,user_engagement,11072,520
per_shard_per_event,20180919,user_engagement,11068,504
per_shard_per_event,20180918,user_engagement,11066,481
per_shard_per_event,20180815,user_engagement,11059,406
per_shard_per_event,20180722,user_engagement,11058,399
per_shard_per_event,20181003,user_engagement,10984,466
per_shard_per_event,20180612,user_engagement,10980,435
per_shard_per_event,20180617,user_engagement,10968,429
per_shard_per_event,20180613,user_engagement,10967,504
per_shard_per_event,20181001,user_engagement,10967,464
per_shard_per_event,20180716,user_engagement,10929,385
per_shard_per_event,20180920,user_engagement,10581,433
per_shard_per_event,20180628,level_start_quickplay,8764,679
per_shard_per_event,20180630,level_start_quickplay,8695,689
per_shard_per_event,20180625,level_start_quickplay,8292,698
per_shard_per_event,20180701,level_start_quickplay,8215,657
per_shard_per_event,20180626,level_start_quickplay,7964,671
per_shard_per_event,20180619,level_start_quickplay,7867,479
per_shard_per_event,20180618,level_start_quickplay,7329,414
per_shard_per_event,20180618,screen_view,7052,1214
per_shard_per_event,20180625,level_end_quickplay,6238,610
per_shard_per_event,20180630,level_end_quickplay,6148,593
per_shard_per_event,20180626,level_end_quickplay,5997,570
per_shard_per_event,20180628,level_end_quickplay,5857,576
per_shard_per_event,20180701,level_end_quickplay,5840,572
per_shard_per_event,20181001,level_start_quickplay,5446,377
per_shard_per_event,20180920,level_start_quickplay,5413,379
per_shard_per_event,20180719,level_start_quickplay,5269,271
per_shard_per_event,20181003,level_start_quickplay,5266,356
per_shard_per_event,20180802,level_start_quickplay,5250,398
per_shard_per_event,20180716,level_start_quickplay,5138,303
per_shard_per_event,20180815,level_start_quickplay,5117,316
per_shard_per_event,20180619,screen_view,5111,1156
per_shard_per_event,20180828,level_start_quickplay,5095,378
per_shard_per_event,20180619,level_end_quickplay,5058,474
per_shard_per_event,20180722,level_start_quickplay,4895,317
per_shard_per_event,20180826,level_start_quickplay,4894,374
per_shard_per_event,20180717,level_start_quickplay,4877,284
per_shard_per_event,20180814,level_start_quickplay,4875,343
per_shard_per_event,20180613,level_start_quickplay,4807,420
per_shard_per_event,20180620,level_start_quickplay,4783,288
per_shard_per_event,20180707,level_start_quickplay,4765,344
per_shard_per_event,20180721,level_start_quickplay,4748,385
per_shard_per_event,20180711,level_start_quickplay,4742,323
per_shard_per_event,20181002,level_start_quickplay,4721,365
per_shard_per_event,20180705,level_start_quickplay,4713,328
per_shard_per_event,20180714,level_start_quickplay,4711,305
per_shard_per_event,20180928,level_start_quickplay,4671,412
per_shard_per_event,20180805,level_start_quickplay,4664,385
per_shard_per_event,20180903,level_start_quickplay,4658,367
per_shard_per_event,20180730,level_start_quickplay,4634,360
per_shard_per_event,20180618,level_end_quickplay,4624,362
per_shard_per_event,20180909,level_start_quickplay,4608,437
per_shard_per_event,20180801,level_start_quickplay,4587,335
per_shard_per_event,20180612,level_start_quickplay,4554,368
per_shard_per_event,20180623,level_start_quickplay,4548,359
per_shard_per_event,20180622,level_start_quickplay,4524,324
per_shard_per_event,20180820,level_start_quickplay,4510,353
per_shard_per_event,20180827,level_start_quickplay,4509,394
per_shard_per_event,20180914,level_start_quickplay,4509,379
per_shard_per_event,20180621,level_start_quickplay,4500,306
per_shard_per_event,20180702,level_start_quickplay,4493,359
per_shard_per_event,20180725,level_start_quickplay,4483,315
per_shard_per_event,20180829,level_start_quickplay,4468,395
per_shard_per_event,20180706,level_start_quickplay,4450,322
per_shard_per_event,20180709,level_start_quickplay,4445,338
per_shard_per_event,20180821,level_start_quickplay,4444,373
per_shard_per_event,20180729,level_start_quickplay,4441,385
per_shard_per_event,20180825,level_start_quickplay,4437,389
per_shard_per_event,20180708,level_start_quickplay,4428,278
per_shard_per_event,20180824,level_start_quickplay,4424,381
per_shard_per_event,20180720,level_start_quickplay,4406,333
per_shard_per_event,20180804,level_start_quickplay,4386,415
per_shard_per_event,20180916,level_start_quickplay,4385,389
per_shard_per_event,20180917,level_start_quickplay,4371,377
per_shard_per_event,20180726,level_start_quickplay,4341,315
per_shard_per_event,20180806,level_start_quickplay,4329,384
per_shard_per_event,20180704,level_start_quickplay,4314,306
per_shard_per_event,20180710,level_start_quickplay,4309,342
per_shard_per_event,20180822,level_start_quickplay,4295,348
per_shard_per_event,20180915,level_start_quickplay,4292,350
per_shard_per_event,20180803,level_start_quickplay,4290,424
per_shard_per_event,20180921,level_start_quickplay,4289,460
per_shard_per_event,20180617,level_start_quickplay,4273,353
per_shard_per_event,20180629,level_start_quickplay,4259,382
per_shard_per_event,20180808,level_start_quickplay,4254,376
per_shard_per_event,20180811,level_start_quickplay,4253,345
per_shard_per_event,20180924,level_start_quickplay,4251,384
per_shard_per_event,20180912,level_start_quickplay,4242,444
per_shard_per_event,20180816,level_start_quickplay,4233,344
per_shard_per_event,20180718,level_start_quickplay,4223,290
per_shard_per_event,20180918,level_start_quickplay,4223,417
per_shard_per_event,20180627,level_start_quickplay,4220,312
per_shard_per_event,20180919,level_start_quickplay,4205,441
per_shard_per_event,20180723,level_start_quickplay,4184,336
per_shard_per_event,20180927,level_start_quickplay,4180,541
per_shard_per_event,20180807,level_start_quickplay,4169,368
per_shard_per_event,20180724,level_start_quickplay,4166,339
per_shard_per_event,20180817,level_start_quickplay,4163,351
per_shard_per_event,20180713,level_start_quickplay,4158,356
per_shard_per_event,20180819,level_start_quickplay,4158,353
per_shard_per_event,20180809,level_start_quickplay,4154,340
per_shard_per_event,20180727,level_start_quickplay,4152,356
per_shard_per_event,20180703,level_start_quickplay,4148,323
per_shard_per_event,20180624,level_start_quickplay,4139,298
per_shard_per_event,20180712,level_start_quickplay,4128,341
per_shard_per_event,20180906,level_start_quickplay,4112,420
per_shard_per_event,20180715,level_start_quickplay,4103,309
per_shard_per_event,20180831,level_start_quickplay,4090,355
per_shard_per_event,20180823,level_start_quickplay,4084,309
per_shard_per_event,20180926,level_start_quickplay,4083,422
per_shard_per_event,20180614,level_start_quickplay,4082,413
per_shard_per_event,20180901,level_start_quickplay,4078,334
per_shard_per_event,20180905,level_start_quickplay,4051,435
per_shard_per_event,20180810,level_start_quickplay,4037,277
per_shard_per_event,20180813,level_start_quickplay,4033,393
per_shard_per_event,20180731,level_start_quickplay,4025,323
per_shard_per_event,20180615,level_start_quickplay,4023,393
per_shard_per_event,20180619,post_score,4021,398
per_shard_per_event,20180830,level_start_quickplay,4017,388
per_shard_per_event,20180907,level_start_quickplay,4014,457
per_shard_per_event,20180728,level_start_quickplay,3994,352
per_shard_per_event,20180818,level_start_quickplay,3983,365
per_shard_per_event,20180910,level_start_quickplay,3951,427
per_shard_per_event,20180902,level_start_quickplay,3949,409
per_shard_per_event,20180812,level_start_quickplay,3941,346
per_shard_per_event,20180616,level_start_quickplay,3854,361
per_shard_per_event,20180922,level_start_quickplay,3845,425
per_shard_per_event,20180913,level_start_quickplay,3842,401
per_shard_per_event,20180923,level_start_quickplay,3806,484
per_shard_per_event,20180911,level_start_quickplay,3788,388
per_shard_per_event,20180929,level_start_quickplay,3774,417
per_shard_per_event,20180908,level_start_quickplay,3756,434
per_shard_per_event,20180925,level_start_quickplay,3727,413
per_shard_per_event,20180930,level_start_quickplay,3718,422
per_shard_per_event,20180904,level_start_quickplay,3488,386
per_shard_per_event,20180618,post_score,3321,404
per_shard_per_event,20180815,level_end_quickplay,3230,276
per_shard_per_event,20180707,level_end_quickplay,3208,305
per_shard_per_event,20180703,level_end_quickplay,3205,280
per_shard_per_event,20180704,level_end_quickplay,3205,267
per_shard_per_event,20180918,level_end_quickplay,3201,378
per_shard_per_event,20180927,level_end_quickplay,3145,464
per_shard_per_event,20180717,level_end_quickplay,3132,250
per_shard_per_event,20180810,level_end_quickplay,3126,241
per_shard_per_event,20180629,level_end_quickplay,3124,336
per_shard_per_event,20180706,level_end_quickplay,3105,287
per_shard_per_event,20180616,level_end_quickplay,3097,319
per_shard_per_event,20180921,level_end_quickplay,3094,396
per_shard_per_event,20180722,level_end_quickplay,3091,270
per_shard_per_event,20180816,level_end_quickplay,3091,299
per_shard_per_event,20180702,level_end_quickplay,3068,294
per_shard_per_event,20180718,level_end_quickplay,3044,253
per_shard_per_event,20180725,level_end_quickplay,3038,268
per_shard_per_event,20180825,level_end_quickplay,3032,349
per_shard_per_event,20180902,level_end_quickplay,3029,352
per_shard_per_event,20180615,level_end_quickplay,3021,336
per_shard_per_event,20180912,level_end_quickplay,3021,384
per_shard_per_event,20180829,level_end_quickplay,3017,341
per_shard_per_event,20180915,level_end_quickplay,3017,288
per_shard_per_event,20180708,level_end_quickplay,3016,254
per_shard_per_event,20180814,level_end_quickplay,3016,298
per_shard_per_event,20180719,level_end_quickplay,3014,244
per_shard_per_event,20180903,level_end_quickplay,3013,318
per_shard_per_event,20180818,level_end_quickplay,3011,307
per_shard_per_event,20181003,level_end_quickplay,3006,304
per_shard_per_event,20181002,level_end_quickplay,3001,325
per_shard_per_event,20180819,level_end_quickplay,3000,310
per_shard_per_event,20180822,level_end_quickplay,2996,306
per_shard_per_event,20180826,level_end_quickplay,2994,336
per_shard_per_event,20180813,level_end_quickplay,2989,339
per_shard_per_event,20180624,level_end_quickplay,2982,256
per_shard_per_event,20180811,level_end_quickplay,2980,309
per_shard_per_event,20180925,level_end_quickplay,2979,358
per_shard_per_event,20180723,level_end_quickplay,2971,298
per_shard_per_event,20180812,level_end_quickplay,2967,295
per_shard_per_event,20180709,level_end_quickplay,2964,297
per_shard_per_event,20180612,level_end_quickplay,2953,332
per_shard_per_event,20180620,level_end_quickplay,2947,247
per_shard_per_event,20180824,level_end_quickplay,2940,329
per_shard_per_event,20180716,level_end_quickplay,2939,267
per_shard_per_event,20180923,level_end_quickplay,2939,415
per_shard_per_event,20180705,level_end_quickplay,2935,284
per_shard_per_event,20180919,level_end_quickplay,2935,382
per_shard_per_event,20180627,level_end_quickplay,2932,269
per_shard_per_event,20180807,level_end_quickplay,2932,318
per_shard_per_event,20180920,level_end_quickplay,2925,319
per_shard_per_event,20180828,level_end_quickplay,2920,331
per_shard_per_event,20180916,level_end_quickplay,2915,326
per_shard_per_event,20180710,level_end_quickplay,2912,294
per_shard_per_event,20180801,level_end_quickplay,2911,290
per_shard_per_event,20180715,level_end_quickplay,2902,266
per_shard_per_event,20180831,level_end_quickplay,2901,296
per_shard_per_event,20180827,level_end_quickplay,2900,333
per_shard_per_event,20180924,level_end_quickplay,2899,325
per_shard_per_event,20180913,level_end_quickplay,2896,361
per_shard_per_event,20180906,level_end_quickplay,2884,366
per_shard_per_event,20180622,level_end_quickplay,2881,288
per_shard_per_event,20180614,level_end_quickplay,2878,365
per_shard_per_event,20180909,level_end_quickplay,2877,384
per_shard_per_event,20180728,level_end_quickplay,2861,296
per_shard_per_event,20180613,level_end_quickplay,2856,364
per_shard_per_event,20180802,level_end_quickplay,2854,341
per_shard_per_event,20180905,level_end_quickplay,2852,381
per_shard_per_event,20180727,level_end_quickplay,2845,319
per_shard_per_event,20180726,level_end_quickplay,2841,276
per_shard_per_event,20180821,level_end_quickplay,2840,323
per_shard_per_event,20180820,level_end_quickplay,2834,303
per_shard_per_event,20180823,level_end_quickplay,2829,274
per_shard_per_event,20180724,level_end_quickplay,2826,294
per_shard_per_event,20180922,level_end_quickplay,2820,360
per_shard_per_event,20180830,level_end_quickplay,2817,336
per_shard_per_event,20181001,level_end_quickplay,2815,331
per_shard_per_event,20180713,level_end_quickplay,2789,315
per_shard_per_event,20180911,level_end_quickplay,2782,328
per_shard_per_event,20180914,level_end_quickplay,2770,325
per_shard_per_event,20180623,level_end_quickplay,2767,313
per_shard_per_event,20180908,level_end_quickplay,2765,358
per_shard_per_event,20180929,level_end_quickplay,2760,375
per_shard_per_event,20180729,level_end_quickplay,2758,335
per_shard_per_event,20180721,level_end_quickplay,2757,332
per_shard_per_event,20180817,level_end_quickplay,2757,298
per_shard_per_event,20180731,level_end_quickplay,2751,281
per_shard_per_event,20180926,level_end_quickplay,2749,378
per_shard_per_event,20180907,level_end_quickplay,2744,392
per_shard_per_event,20180806,level_end_quickplay,2738,332
per_shard_per_event,20180621,level_end_quickplay,2736,261
per_shard_per_event,20180804,level_end_quickplay,2724,340
per_shard_per_event,20180904,level_end_quickplay,2718,333
per_shard_per_event,20180910,level_end_quickplay,2714,363
per_shard_per_event,20180712,level_end_quickplay,2709,297
per_shard_per_event,20180928,level_end_quickplay,2707,365
per_shard_per_event,20180714,level_end_quickplay,2703,254
per_shard_per_event,20180901,level_end_quickplay,2700,294
per_shard_per_event,20180930,level_end_quickplay,2698,366
per_shard_per_event,20180917,level_end_quickplay,2692,334
per_shard_per_event,20180626,post_score,2687,345
per_shard_per_event,20180711,level_end_quickplay,2687,278
per_shard_per_event,20180808,level_end_quickplay,2659,327
per_shard_per_event,20180701,post_score,2653,348
per_shard_per_event,20180617,level_end_quickplay,2650,322
per_shard_per_event,20180730,level_end_quickplay,2646,307
per_shard_per_event,20180803,level_end_quickplay,2641,360
per_shard_per_event,20180805,level_end_quickplay,2606,322
per_shard_per_event,20180625,level_fail_quickplay,2567,387
per_shard_per_event,20180619,level_reset_quickplay,2551,103
per_shard_per_event,20180630,post_score,2509,315
per_shard_per_event,20180625,post_score,2508,357
per_shard_per_event,20180809,level_end_quickplay,2472,292
per_shard_per_event,20180628,post_score,2465,343
per_shard_per_event,20180720,level_end_quickplay,2435,272
per_shard_per_event,20180807,post_score,2432,323
per_shard_per_event,20180628,level_fail_quickplay,2425,345
per_shard_per_event,20180701,level_fail_quickplay,2410,358
per_shard_per_event,20180704,post_score,2406,275
per_shard_per_event,20180812,post_score,2404,299
per_shard_per_event,20180815,post_score,2391,279
per_shard_per_event,20180810,post_score,2372,241
per_shard_per_event,20180626,level_fail_quickplay,2338,353
per_shard_per_event,20180723,post_score,2320,309
per_shard_per_event,20180722,post_score,2306,262
per_shard_per_event,20180811,post_score,2291,311
per_shard_per_event,20180825,post_score,2290,326
per_shard_per_event,20180928,post_score,2286,361
per_shard_per_event,20180903,post_score,2277,324
per_shard_per_event,20180706,post_score,2274,285
per_shard_per_event,20180629,post_score,2267,342
per_shard_per_event,20180814,post_score,2258,299
per_shard_per_event,20180912,post_score,2252,378
per_shard_per_event,20180630,level_fail_quickplay,2249,369
per_shard_per_event,20180813,post_score,2247,338
per_shard_per_event,20180716,post_score,2241,269
per_shard_per_event,20180823,post_score,2233,301
per_shard_per_event,20180707,post_score,2231,289
per_shard_per_event,20180909,post_score,2213,393
per_shard_per_event,20180816,post_score,2212,291
per_shard_per_event,20180920,level_reset_quickplay,2205,80
per_shard_per_event,20180703,post_score,2200,282
per_shard_per_event,20181003,post_score,2198,314
per_shard_per_event,20180822,post_score,2195,318
per_shard_per_event,20180709,post_score,2190,294
per_shard_per_event,20180815,level_complete_quickplay,2178,245
per_shard_per_event,20180929,post_score,2178,385
per_shard_per_event,20180820,post_score,2177,313
per_shard_per_event,20180619,level_fail_quickplay,2176,304
per_shard_per_event,20181001,level_reset_quickplay,2174,76
per_shard_per_event,20180819,post_score,2167,322
per_shard_per_event,20180824,post_score,2166,327
per_shard_per_event,20180715,post_score,2165,269
per_shard_per_event,20180827,post_score,2163,317
per_shard_per_event,20180806,post_score,2162,338
per_shard_per_event,20180831,post_score,2161,308
per_shard_per_event,20180818,post_score,2155,296
per_shard_per_event,20180829,post_score,2155,339
per_shard_per_event,20180702,post_score,2144,300
per_shard_per_event,20180828,post_score,2142,322
per_shard_per_event,20180830,post_score,2140,341
per_shard_per_event,20180914,post_score,2138,321
per_shard_per_event,20180808,post_score,2133,325
per_shard_per_event,20180930,post_score,2133,365
per_shard_per_event,20180708,post_score,2129,257
per_shard_per_event,20180821,post_score,2129,312
per_shard_per_event,20180721,post_score,2123,330
per_shard_per_event,20180612,post_score,2119,295
per_shard_per_event,20180826,post_score,2117,323
per_shard_per_event,20180809,post_score,2111,314
per_shard_per_event,20181001,post_score,2111,336
per_shard_per_event,20180710,post_score,2098,300
per_shard_per_event,20180624,post_score,2096,270
per_shard_per_event,20180729,post_score,2089,339
per_shard_per_event,20180704,level_complete_quickplay,2087,227
per_shard_per_event,20180705,post_score,2086,284
per_shard_per_event,20180901,post_score,2085,312
per_shard_per_event,20180615,post_score,2083,329
per_shard_per_event,20180622,post_score,2082,287
per_shard_per_event,20180614,post_score,2080,350
per_shard_per_event,20180714,post_score,2078,276
per_shard_per_event,20180817,post_score,2072,299
per_shard_per_event,20180927,post_score,2070,422
per_shard_per_event,20180725,post_score,2068,274
per_shard_per_event,20180724,post_score,2063,290
per_shard_per_event,20180728,post_score,2055,307
per_shard_per_event,20180804,post_score,2055,334
per_shard_per_event,20180707,level_complete_quickplay,2051,252
per_shard_per_event,20180915,post_score,2045,270
per_shard_per_event,20180911,post_score,2044,324
per_shard_per_event,20180924,post_score,2038,325
per_shard_per_event,20180910,post_score,2031,368
per_shard_per_event,20180727,post_score,2026,316
per_shard_per_event,20180628,level_reset_quickplay,2022,142
per_shard_per_event,20180825,level_complete_quickplay,2020,290
per_shard_per_event,20180801,post_score,2018,318
per_shard_per_event,20180616,post_score,2013,296
per_shard_per_event,20180623,post_score,2008,317
per_shard_per_event,20180905,post_score,2006,374
per_shard_per_event,20180730,post_score,2004,326
per_shard_per_event,20181003,level_complete_quickplay,2004,268
per_shard_per_event,20180826,level_complete_quickplay,2002,293
per_shard_per_event,20180922,post_score,2001,343
per_shard_per_event,20180923,post_score,1997,394
per_shard_per_event,20180629,level_complete_quickplay,1996,295
per_shard_per_event,20180810,level_complete_quickplay,1992,196
per_shard_per_event,20180812,level_complete_quickplay,1988,243
per_shard_per_event,20180706,level_complete_quickplay,1984,239
per_shard_per_event,20180722,level_complete_quickplay,1982,219
per_shard_per_event,20180912,level_complete_quickplay,1981,328
per_shard_per_event,20180717,post_score,1978,243
per_shard_per_event,20180807,level_complete_quickplay,1973,270
per_shard_per_event,20180723,level_complete_quickplay,1970,260
per_shard_per_event,20180726,post_score,1969,290
per_shard_per_event,20180805,post_score,1963,322
per_shard_per_event,20180926,post_score,1963,353
per_shard_per_event,20180627,post_score,1962,284
per_shard_per_event,20180814,level_complete_quickplay,1961,253
per_shard_per_event,20180909,level_complete_quickplay,1947,330
per_shard_per_event,20180927,level_complete_quickplay,1947,394
per_shard_per_event,20180816,level_complete_quickplay,1945,249
per_shard_per_event,20180828,level_complete_quickplay,1945,285
per_shard_per_event,20180621,post_score,1943,269
per_shard_per_event,20180713,post_score,1943,322
per_shard_per_event,20180731,post_score,1942,300
per_shard_per_event,20180903,level_complete_quickplay,1941,273
per_shard_per_event,20180703,level_complete_quickplay,1938,231
per_shard_per_event,20180803,post_score,1931,350
per_shard_per_event,20180802,level_reset_quickplay,1928,78
per_shard_per_event,20180928,level_complete_quickplay,1928,306
per_shard_per_event,20180921,post_score,1927,361
per_shard_per_event,20180919,post_score,1925,363
per_shard_per_event,20180827,level_complete_quickplay,1919,277
per_shard_per_event,20180720,post_score,1917,290
per_shard_per_event,20180711,post_score,1916,292
per_shard_per_event,20180802,post_score,1916,330
per_shard_per_event,20180829,level_complete_quickplay,1913,300
per_shard_per_event,20181002,post_score,1913,315
per_shard_per_event,20180813,level_complete_quickplay,1903,283
per_shard_per_event,20180904,post_score,1901,337
per_shard_per_event,20180712,post_score,1900,301
per_shard_per_event,20180628,screen_view,1899,1137
per_shard_per_event,20180818,level_complete_quickplay,1898,250
per_shard_per_event,20180702,level_complete_quickplay,1896,258
per_shard_per_event,20180913,post_score,1894,339
per_shard_per_event,20180613,post_score,1892,347
per_shard_per_event,20180822,level_complete_quickplay,1889,263
per_shard_per_event,20180716,level_complete_quickplay,1887,223
per_shard_per_event,20180617,post_score,1882,312
per_shard_per_event,20181001,level_complete_quickplay,1879,292
per_shard_per_event,20180701,screen_view,1878,1148
per_shard_per_event,20180719,post_score,1875,240
per_shard_per_event,20180820,level_complete_quickplay,1862,257
per_shard_per_event,20180811,level_complete_quickplay,1854,263
per_shard_per_event,20180709,level_complete_quickplay,1853,254
per_shard_per_event,20181003,level_reset_quickplay,1849,79
per_shard_per_event,20180630,level_reset_quickplay,1846,134
per_shard_per_event,20180824,level_complete_quickplay,1845,280
per_shard_per_event,20180819,level_complete_quickplay,1842,271
per_shard_per_event,20180620,post_score,1841,260
per_shard_per_event,20180718,post_score,1835,257
per_shard_per_event,20180918,post_score,1835,355
per_shard_per_event,20180725,level_complete_quickplay,1834,228
per_shard_per_event,20180831,level_complete_quickplay,1829,260
per_shard_per_event,20180916,post_score,1825,299
per_shard_per_event,20180618,level_fail_quickplay,1824,207
per_shard_per_event,20180908,post_score,1822,338
per_shard_per_event,20180914,level_complete_quickplay,1819,276
per_shard_per_event,20180915,level_complete_quickplay,1814,233
per_shard_per_event,20180823,level_complete_quickplay,1811,248
per_shard_per_event,20180917,post_score,1807,325
per_shard_per_event,20180630,screen_view,1802,1133
per_shard_per_event,20180612,level_complete_quickplay,1801,261
per_shard_per_event,20180929,level_complete_quickplay,1799,324
per_shard_per_event,20180705,level_complete_quickplay,1798,239
per_shard_per_event,20180710,level_complete_quickplay,1781,253
per_shard_per_event,20180921,level_complete_quickplay,1778,342
per_shard_per_event,20180614,level_complete_quickplay,1776,317
per_shard_per_event,20180616,level_complete_quickplay,1773,264
per_shard_per_event,20180907,post_score,1772,353
per_shard_per_event,20180924,level_complete_quickplay,1771,281
per_shard_per_event,20180708,level_complete_quickplay,1768,222
per_shard_per_event,20180925,post_score,1768,341
per_shard_per_event,20180830,level_complete_quickplay,1765,287
per_shard_per_event,20180618,level_reset_quickplay,1764,89
per_shard_per_event,20180920,post_score,1761,304
per_shard_per_event,20180624,level_complete_quickplay,1755,220
per_shard_per_event,20180625,screen_view,1755,1158
per_shard_per_event,20180906,post_score,1751,345
per_shard_per_event,20180717,level_complete_quickplay,1750,212
per_shard_per_event,20180923,level_complete_quickplay,1749,357
per_shard_per_event,20180626,screen_view,1748,1125
per_shard_per_event,20180715,level_complete_quickplay,1746,226
per_shard_per_event,20180721,level_complete_quickplay,1746,279
per_shard_per_event,20180821,level_complete_quickplay,1745,269
per_shard_per_event,20180806,level_complete_quickplay,1740,283
per_shard_per_event,20180905,level_complete_quickplay,1739,328
per_shard_per_event,20181002,level_complete_quickplay,1735,281
per_shard_per_event,20180615,level_complete_quickplay,1733,288
per_shard_per_event,20180729,level_complete_quickplay,1723,285
per_shard_per_event,20180902,post_score,1723,333
per_shard_per_event,20180804,level_complete_quickplay,1720,285
per_shard_per_event,20180714,level_complete_quickplay,1716,229
per_shard_per_event,20180719,level_reset_quickplay,1710,47
per_shard_per_event,20180930,level_complete_quickplay,1702,315
per_shard_per_event,20180817,level_complete_quickplay,1700,252
per_shard_per_event,20180801,level_complete_quickplay,1697,261
per_shard_per_event,20180622,level_complete_quickplay,1693,239
per_shard_per_event,20180922,level_complete_quickplay,1693,296
per_shard_per_event,20180918,level_complete_quickplay,1692,322
per_shard_per_event,20180724,level_complete_quickplay,1691,247
per_shard_per_event,20180802,level_complete_quickplay,1689,288
per_shard_per_event,20180627,level_complete_quickplay,1686,236
per_shard_per_event,20180613,level_complete_quickplay,1685,306
per_shard_per_event,20180911,level_complete_quickplay,1680,290
per_shard_per_event,20180716,level_reset_quickplay,1676,55
per_shard_per_event,20180623,level_complete_quickplay,1673,269
per_shard_per_event,20180808,level_complete_quickplay,1661,275
per_shard_per_event,20180910,level_complete_quickplay,1660,304
per_shard_per_event,20180719,level_complete_quickplay,1655,203
per_shard_per_event,20180919,level_complete_quickplay,1649,330
per_shard_per_event,20180901,level_complete_quickplay,1647,248
per_shard_per_event,20180728,level_complete_quickplay,1646,251
per_shard_per_event,20180916,level_complete_quickplay,1644,266
per_shard_per_event,20180805,level_reset_quickplay,1633,69
per_shard_per_event,20180727,level_complete_quickplay,1628,261
per_shard_per_event,20180920,level_complete_quickplay,1621,275
per_shard_per_event,20180926,level_complete_quickplay,1619,306
per_shard_per_event,20180913,level_complete_quickplay,1613,298
per_shard_per_event,20180713,level_complete_quickplay,1610,274
per_shard_per_event,20180726,level_complete_quickplay,1602,244
per_shard_per_event,20180805,level_complete_quickplay,1591,270
per_shard_per_event,20180803,level_complete_quickplay,1589,298
per_shard_per_event,20180904,level_complete_quickplay,1585,291
per_shard_per_event,20180730,level_complete_quickplay,1576,268
per_shard_per_event,20180712,level_complete_quickplay,1575,257
per_shard_per_event,20180906,level_complete_quickplay,1575,313
per_shard_per_event,20180617,level_complete_quickplay,1573,274
per_shard_per_event,20180730,level_reset_quickplay,1572,70
per_shard_per_event,20180718,level_complete_quickplay,1571,212
per_shard_per_event,20180809,level_complete_quickplay,1571,247
per_shard_per_event,20180620,level_complete_quickplay,1567,213
per_shard_per_event,20180902,level_complete_quickplay,1567,300
per_shard_per_event,20180613,level_reset_quickplay,1566,69
per_shard_per_event,20180711,level_complete_quickplay,1557,244
per_shard_per_event,20180917,level_complete_quickplay,1554,284
per_shard_per_event,20180621,level_complete_quickplay,1551,227
per_shard_per_event,20180925,level_complete_quickplay,1550,301
per_shard_per_event,20180908,level_complete_quickplay,1544,286
per_shard_per_event,20180828,level_reset_quickplay,1533,62
per_shard_per_event,20180815,level_reset_quickplay,1532,63
per_shard_per_event,20180701,level_reset_quickplay,1527,114
per_shard_per_event,20180722,level_reset_quickplay,1517,68
per_shard_per_event,20180918,level_fail_quickplay,1509,226
per_shard_per_event,20180731,level_complete_quickplay,1499,238
per_shard_per_event,20180907,level_complete_quickplay,1497,313
per_shard_per_event,20180814,level_reset_quickplay,1495,63
per_shard_per_event,20180721,level_reset_quickplay,1489,59
per_shard_per_event,20180619,level_start,1473,127
per_shard_per_event,20180718,level_fail_quickplay,1473,135
per_shard_per_event,20180902,level_fail_quickplay,1462,208
per_shard_per_event,20180714,level_reset_quickplay,1453,66
per_shard_per_event,20180928,level_reset_quickplay,1431,82
per_shard_per_event,20180925,level_fail_quickplay,1429,218
per_shard_per_event,20180711,level_reset_quickplay,1420,64
per_shard_per_event,20180717,level_reset_quickplay,1407,55
per_shard_per_event,20180720,level_complete_quickplay,1383,226
per_shard_per_event,20180717,level_fail_quickplay,1382,146
per_shard_per_event,20180620,level_fail_quickplay,1380,149
per_shard_per_event,20180826,select_content,1379,391
per_shard_per_event,20180720,level_reset_quickplay,1362,72
per_shard_per_event,20180705,level_reset_quickplay,1360,62
per_shard_per_event,20180719,level_fail_quickplay,1359,141
per_shard_per_event,20180617,level_reset_quickplay,1347,57
per_shard_per_event,20180625,level_reset_quickplay,1332,140
per_shard_per_event,20180616,level_fail_quickplay,1323,184
per_shard_per_event,20180921,level_fail_quickplay,1316,237
per_shard_per_event,20180906,level_fail_quickplay,1309,224
per_shard_per_event,20180620,level_reset_quickplay,1308,55
per_shard_per_event,20180920,level_fail_quickplay,1304,196
per_shard_per_event,20180801,level_reset_quickplay,1298,60
per_shard_per_event,20180626,level_start,1290,130
per_shard_per_event,20180919,level_fail_quickplay,1286,229
per_shard_per_event,20180913,level_fail_quickplay,1283,208
per_shard_per_event,20180804,level_reset_quickplay,1276,71
per_shard_per_event,20180916,level_fail_quickplay,1271,197
per_shard_per_event,20180703,level_fail_quickplay,1266,169
per_shard_per_event,20181002,level_fail_quickplay,1266,185
per_shard_per_event,20180731,level_fail_quickplay,1252,161
per_shard_per_event,20180708,level_fail_quickplay,1248,149
per_shard_per_event,20180627,level_fail_quickplay,1247,155
per_shard_per_event,20180907,level_fail_quickplay,1247,243
per_shard_per_event,20180623,level_reset_quickplay,1244,72
per_shard_per_event,20180621,level_reset_quickplay,1241,73
per_shard_per_event,20180726,level_fail_quickplay,1239,152
per_shard_per_event,20180914,level_reset_quickplay,1239,76
per_shard_per_event,20180624,level_fail_quickplay,1227,157
per_shard_per_event,20180809,level_reset_quickplay,1226,66
per_shard_per_event,20180820,level_reset_quickplay,1224,61
per_shard_per_event,20180909,level_reset_quickplay,1224,95
per_shard_per_event,20180908,level_fail_quickplay,1221,215
per_shard_per_event,20180727,level_fail_quickplay,1218,189
per_shard_per_event,20180803,level_reset_quickplay,1217,88
per_shard_per_event,20180728,level_fail_quickplay,1215,168
per_shard_per_event,20180801,level_fail_quickplay,1214,154
per_shard_per_event,20180630,session_start,1205,778
per_shard_per_event,20180729,level_reset_quickplay,1205,68
per_shard_per_event,20180725,level_fail_quickplay,1204,152
per_shard_per_event,20180625,session_start,1201,778
per_shard_per_event,20180720,select_content,1201,365
per_shard_per_event,20180915,level_fail_quickplay,1201,176
per_shard_per_event,20180927,level_fail_quickplay,1198,280
per_shard_per_event,20180622,level_reset_quickplay,1194,77
per_shard_per_event,20180806,level_reset_quickplay,1193,59
per_shard_per_event,20180628,level_start,1190,139
per_shard_per_event,20180923,level_fail_quickplay,1190,252
per_shard_per_event,20181002,level_reset_quickplay,1190,68
per_shard_per_event,20180622,level_fail_quickplay,1189,181
per_shard_per_event,20180916,level_reset_quickplay,1186,72
per_shard_per_event,20180621,level_fail_quickplay,1185,160
per_shard_per_event,20180910,select_content,1184,460
per_shard_per_event,20180701,level_start,1182,146
per_shard_per_event,20180615,level_fail_quickplay,1181,198
per_shard_per_event,20180821,level_reset_quickplay,1181,75
per_shard_per_event,20180713,level_fail_quickplay,1179,180
per_shard_per_event,20180626,session_start,1175,734
per_shard_per_event,20180702,level_fail_quickplay,1173,162
per_shard_per_event,20180613,level_fail_quickplay,1171,213
per_shard_per_event,20180808,level_reset_quickplay,1169,74
per_shard_per_event,20180802,level_fail_quickplay,1165,183
per_shard_per_event,20180726,level_reset_quickplay,1162,60
per_shard_per_event,20180701,session_start,1160,753
per_shard_per_event,20180819,level_fail_quickplay,1158,174
per_shard_per_event,20180628,session_start,1157,757
per_shard_per_event,20180707,level_fail_quickplay,1157,184
per_shard_per_event,20180715,level_fail_quickplay,1156,144
per_shard_per_event,20180612,level_fail_quickplay,1152,207
per_shard_per_event,20180917,select_content,1150,406
per_shard_per_event,20180917,level_fail_quickplay,1138,201
per_shard_per_event,20180705,level_fail_quickplay,1137,167
per_shard_per_event,20180903,level_reset_quickplay,1137,68
per_shard_per_event,20180816,level_fail_quickplay,1136,173
per_shard_per_event,20180908,select_content,1136,462
per_shard_per_event,20180724,level_fail_quickplay,1135,172
per_shard_per_event,20180712,level_fail_quickplay,1134,168
per_shard_per_event,20180810,level_fail_quickplay,1134,136
per_shard_per_event,20180904,level_fail_quickplay,1133,192
per_shard_per_event,20180626,level_reset_quickplay,1132,113
per_shard_per_event,20180627,select_content,1132,352
per_shard_per_event,20180710,level_fail_quickplay,1131,162
per_shard_per_event,20180711,level_fail_quickplay,1130,157
per_shard_per_event,20180926,level_fail_quickplay,1129,217
per_shard_per_event,20180629,level_fail_quickplay,1128,189
per_shard_per_event,20180803,select_content,1128,458
per_shard_per_event,20180924,level_fail_quickplay,1128,190
per_shard_per_event,20180828,select_content,1127,393
per_shard_per_event,20180922,level_fail_quickplay,1127,219
per_shard_per_event,20180710,select_content,1126,375
per_shard_per_event,20180811,level_fail_quickplay,1126,172
per_shard_per_event,20180827,level_reset_quickplay,1126,78
per_shard_per_event,20180928,select_content,1126,440
per_shard_per_event,20180619,level_end,1123,117
per_shard_per_event,20180706,level_fail_quickplay,1121,171
per_shard_per_event,20180704,level_fail_quickplay,1118,161
per_shard_per_event,20180909,select_content,1117,470
per_shard_per_event,20180818,level_fail_quickplay,1113,198
per_shard_per_event,20180905,level_fail_quickplay,1113,217
per_shard_per_event,20180709,level_fail_quickplay,1111,182
per_shard_per_event,20180722,level_fail_quickplay,1109,164
per_shard_per_event,20180612,level_reset_quickplay,1107,62
per_shard_per_event,20180822,level_fail_quickplay,1107,175
per_shard_per_event,20180618,level_start,1106,123
per_shard_per_event,20180829,level_fail_quickplay,1104,201
per_shard_per_event,20180911,level_fail_quickplay,1102,188
per_shard_per_event,20180821,level_fail_quickplay,1095,203
per_shard_per_event,20180824,level_fail_quickplay,1095,184
per_shard_per_event,20180623,level_fail_quickplay,1094,194
per_shard_per_event,20180809,select_content,1087,395
per_shard_per_event,20180824,level_reset_quickplay,1087,64
per_shard_per_event,20180813,level_fail_quickplay,1086,206
per_shard_per_event,20180711,select_content,1085,365
per_shard_per_event,20180629,select_content,1081,417
per_shard_per_event,20180617,level_fail_quickplay,1077,183
per_shard_per_event,20180929,select_content,1075,445
per_shard_per_event,20180903,level_fail_quickplay,1072,189
per_shard_per_event,20180831,level_fail_quickplay,1071,157
per_shard_per_event,20180612,select_content,1070,392
per_shard_per_event,20180730,level_fail_quickplay,1070,171
per_shard_per_event,20180829,select_content,1070,417
per_shard_per_event,20180917,level_reset_quickplay,1066,77
per_shard_per_event,20180623,select_content,1064,383
per_shard_per_event,20180904,select_content,1064,396
per_shard_per_event,20180930,select_content,1063,453
per_shard_per_event,20180914,select_content,1062,404
per_shard_per_event,20180827,select_content,1059,410
per_shard_per_event,20180817,level_fail_quickplay,1058,170
per_shard_per_event,20180708,level_reset_quickplay,1057,53
per_shard_per_event,20180724,select_content,1057,363
per_shard_per_event,20180709,select_content,1056,362
per_shard_per_event,20180814,level_fail_quickplay,1055,170
per_shard_per_event,20180910,level_fail_quickplay,1054,201
per_shard_per_event,20180913,select_content,1054,424
per_shard_per_event,20180901,level_fail_quickplay,1053,174
per_shard_per_event,20180716,level_fail_quickplay,1052,143
per_shard_per_event,20180720,level_fail_quickplay,1052,151
per_shard_per_event,20180803,level_fail_quickplay,1052,201
per_shard_per_event,20180815,level_fail_quickplay,1052,147
per_shard_per_event,20180830,level_fail_quickplay,1052,196
per_shard_per_event,20180725,level_reset_quickplay,1048,69
per_shard_per_event,20180905,select_content,1047,453
per_shard_per_event,20180923,select_content,1046,493
per_shard_per_event,20180901,level_reset_quickplay,1044,69
per_shard_per_event,20180912,level_fail_quickplay,1040,207
per_shard_per_event,20180630,level_start,1038,139
per_shard_per_event,20180729,select_content,1038,426
per_shard_per_event,20180912,select_content,1038,473
per_shard_per_event,20180729,level_fail_quickplay,1035,191
per_shard_per_event,20180805,select_content,1035,429
per_shard_per_event,20180614,level_fail_quickplay,1025,207
per_shard_per_event,20180911,select_content,1024,402
per_shard_per_event,20180721,select_content,1021,409
per_shard_per_event,20180727,select_content,1021,387
per_shard_per_event,20180924,select_content,1020,402
per_shard_per_event,20180823,level_fail_quickplay,1018,151
per_shard_per_event,20180713,select_content,1016,393
per_shard_per_event,20180805,level_fail_quickplay,1015,186
per_shard_per_event,20180830,select_content,1015,415
per_shard_per_event,20180825,level_fail_quickplay,1012,211
per_shard_per_event,20180721,level_fail_quickplay,1010,186
per_shard_per_event,20180625,level_start,1009,134
per_shard_per_event,20180907,select_content,1009,467
per_shard_per_event,20180707,select_content,1007,384
per_shard_per_event,20180804,select_content,1006,455
per_shard_per_event,20180926,select_content,1006,451
per_shard_per_event,20180804,level_fail_quickplay,1004,203
per_shard_per_event,20180728,select_content,1002,395
per_shard_per_event,20180806,select_content,1002,412
per_shard_per_event,20181003,level_fail_quickplay,1002,176
per_shard_per_event,20180613,select_content,1001,449
per_shard_per_event,20180723,level_fail_quickplay,1001,162
per_shard_per_event,20180924,level_reset_quickplay,1000,90
per_shard_per_event,20180806,level_fail_quickplay,998,188
per_shard_per_event,20180808,level_fail_quickplay,998,189
per_shard_per_event,20180621,select_content,997,336
per_shard_per_event,20180927,select_content,997,531
per_shard_per_event,20180930,level_fail_quickplay,996,199
per_shard_per_event,20180614,select_content,994,429
per_shard_per_event,20180802,select_content,992,421
per_shard_per_event,20180826,level_fail_quickplay,991,199
per_shard_per_event,20180922,select_content,988,448
per_shard_per_event,20180714,level_fail_quickplay,987,149
per_shard_per_event,20180706,select_content,986,347
per_shard_per_event,20180720,level_start,981,89
per_shard_per_event,20180825,level_reset_quickplay,981,70
per_shard_per_event,20180827,level_fail_quickplay,981,202
per_shard_per_event,20180620,select_content,979,319
per_shard_per_event,20180812,level_fail_quickplay,979,178
per_shard_per_event,20180615,select_content,978,428
per_shard_per_event,20180828,level_fail_quickplay,975,185
per_shard_per_event,20180707,level_reset_quickplay,974,69
per_shard_per_event,20180714,select_content,972,334
per_shard_per_event,20180820,level_fail_quickplay,972,182
per_shard_per_event,20180826,level_reset_quickplay,971,63
per_shard_per_event,20180811,level_reset_quickplay,970,62
per_shard_per_event,20180820,select_content,970,393
per_shard_per_event,20180926,level_reset_quickplay,968,106
per_shard_per_event,20180701,level_end,966,127
per_shard_per_event,20180626,level_end,964,121
per_shard_per_event,20180808,select_content,963,419
per_shard_per_event,20180712,select_content,962,368
per_shard_per_event,20180929,level_fail_quickplay,961,214
per_shard_per_event,20180807,level_fail_quickplay,959,180
per_shard_per_event,20180919,level_reset_quickplay,958,94
per_shard_per_event,20181001,select_content,958,398
per_shard_per_event,20180903,select_content,957,403
per_shard_per_event,20180818,select_content,952,419
per_shard_per_event,20180914,level_fail_quickplay,951,189
per_shard_per_event,20180906,select_content,949,427
per_shard_per_event,20180915,select_content,947,376
per_shard_per_event,20180730,select_content,946,405
per_shard_per_event,20180716,select_content,944,335
per_shard_per_event,20180807,select_content,944,406
per_shard_per_event,20180907,level_reset_quickplay,944,93
per_shard_per_event,20180831,select_content,943,379
per_shard_per_event,20180617,select_content,942,384
per_shard_per_event,20180702,select_content,942,387
per_shard_per_event,20180723,select_content,942,366
per_shard_per_event,20181002,select_content,938,390
per_shard_per_event,20181001,level_fail_quickplay,937,184
per_shard_per_event,20180622,select_content,935,362
per_shard_per_event,20180809,level_start,930,104
per_shard_per_event,20180824,select_content,930,415
per_shard_per_event,20180909,level_fail_quickplay,930,219
per_shard_per_event,20180901,select_content,925,388
per_shard_per_event,20180822,level_reset_quickplay,924,62
per_shard_per_event,20180825,select_content,922,398
per_shard_per_event,20180901,level_start,921,108
per_shard_per_event,20180919,select_content,920,454
per_shard_per_event,20180816,select_content,919,373
per_shard_per_event,20180823,level_reset_quickplay,919,53
per_shard_per_event,20180819,select_content,918,394
per_shard_per_event,20180817,select_content,917,374
per_shard_per_event,20180702,level_reset_quickplay,916,67
per_shard_per_event,20180705,select_content,916,358
per_shard_per_event,20180731,level_reset_quickplay,916,66
per_shard_per_event,20180813,select_content,915,433
per_shard_per_event,20180916,select_content,915,395
per_shard_per_event,20180731,select_content,910,357
per_shard_per_event,20180619,level_retry,909,91
per_shard_per_event,20180817,level_reset_quickplay,908,69
per_shard_per_event,20180915,level_reset_quickplay,908,66
per_shard_per_event,20180712,level_reset_quickplay,907,65
per_shard_per_event,20180706,level_reset_quickplay,905,63
per_shard_per_event,20180906,level_reset_quickplay,903,88
per_shard_per_event,20180809,level_fail_quickplay,901,167
per_shard_per_event,20180821,select_content,901,399
per_shard_per_event,20180616,select_content,900,379
per_shard_per_event,20180921,select_content,897,467
per_shard_per_event,20180719,select_content,895,294
per_shard_per_event,20180921,level_reset_quickplay,895,93
per_shard_per_event,20181003,select_content,892,380
per_shard_per_event,20180715,select_content,886,337
per_shard_per_event,20180801,select_content,886,369
per_shard_per_event,20180829,level_reset_quickplay,886,71
per_shard_per_event,20180807,level_reset_quickplay,885,70
per_shard_per_event,20180902,select_content,884,418
per_shard_per_event,20180713,level_reset_quickplay,875,64
per_shard_per_event,20180823,select_content,863,358
per_shard_per_event,20180725,select_content,859,350
per_shard_per_event,20180709,level_reset_quickplay,855,62
per_shard_per_event,20180718,level_reset_quickplay,853,62
per_shard_per_event,20180812,select_content,852,384
per_shard_per_event,20180614,level_reset_quickplay,845,78
per_shard_per_event,20180628,level_end,843,115
per_shard_per_event,20180814,select_content,839,370
per_shard_per_event,20180624,select_content,835,329
per_shard_per_event,20180703,select_content,835,352
per_shard_per_event,20180731,level_start,835,93
per_shard_per_event,20180925,select_content,835,421
per_shard_per_event,20180730,level_start,834,87
per_shard_per_event,20180708,select_content,833,297
per_shard_per_event,20180822,select_content,831,379
per_shard_per_event,20180704,select_content,828,341
per_shard_per_event,20180806,level_start,821,77
per_shard_per_event,20180808,level_start,820,82
per_shard_per_event,20180930,level_start,819,80
per_shard_per_event,20180805,level_start,815,82
per_shard_per_event,20180715,level_reset_quickplay,812,60
per_shard_per_event,20180815,select_content,809,334
per_shard_per_event,20180712,level_start,808,77
per_shard_per_event,20180710,level_reset_quickplay,806,72
per_shard_per_event,20180823,level_start,806,82
per_shard_per_event,20180920,select_content,804,383
per_shard_per_event,20180819,level_reset_quickplay,803,63
per_shard_per_event,20180927,session_start,803,573
per_shard_per_event,20180804,level_start,800,86
per_shard_per_event,20180929,level_start,799,86
per_shard_per_event,20180715,level_start,797,69
per_shard_per_event,20180724,level_reset_quickplay,796,67
per_shard_per_event,20180729,level_start,796,84
per_shard_per_event,20180812,level_start,792,87
per_shard_per_event,20180618,level_end,790,109
per_shard_per_event,20180728,level_start,790,90
per_shard_per_event,20180630,level_end,788,116
per_shard_per_event,20180726,select_content,788,343
per_shard_per_event,20180803,level_start,787,91
per_shard_per_event,20180918,select_content,787,426
per_shard_per_event,20180830,level_reset_quickplay,786,79
per_shard_per_event,20180726,level_start,784,73
per_shard_per_event,20180820,level_start,784,85
per_shard_per_event,20180817,level_start,783,66
per_shard_per_event,20180912,session_start,780,500
per_shard_per_event,20180928,level_fail_quickplay,779,205
per_shard_per_event,20180811,select_content,776,383
per_shard_per_event,20180810,level_start,775,60
per_shard_per_event,20180625,level_end,773,117
per_shard_per_event,20180727,level_reset_quickplay,772,83
per_shard_per_event,20180722,select_content,770,349
per_shard_per_event,20180831,level_reset_quickplay,768,60
per_shard_per_event,20180621,level_start,764,82
per_shard_per_event,20180923,session_start,764,525
per_shard_per_event,20180624,level_reset_quickplay,763,57
per_shard_per_event,20180623,level_start,761,75
per_shard_per_event,20180718,select_content,761,328
per_shard_per_event,20180918,level_reset_quickplay,754,77
per_shard_per_event,20180617,level_start,751,72
per_shard_per_event,20180723,level_reset_quickplay,751,69
per_shard_per_event,20180727,level_start,750,88
per_shard_per_event,20180811,level_start,750,75
per_shard_per_event,20180807,level_start,749,85
per_shard_per_event,20180619,session_start,747,476
per_shard_per_event,20180816,level_reset_quickplay,746,68
per_shard_per_event,20180728,level_reset_quickplay,741,72
per_shard_per_event,20180905,session_start,741,477
per_shard_per_event,20180619,level_complete_quickplay,735,71
per_shard_per_event,20180618,session_start,733,463
per_shard_per_event,20180912,level_reset_quickplay,733,81
per_shard_per_event,20180704,level_reset_quickplay,732,54
per_shard_per_event,20180721,level_start,732,73
per_shard_per_event,20180904,level_start,732,68
per_shard_per_event,20180905,level_reset_quickplay,732,90
per_shard_per_event,20180927,level_reset_quickplay,731,92
per_shard_per_event,20180809,level_end,730,90
per_shard_per_event,20180716,level_start,729,72
per_shard_per_event,20180921,session_start,729,487
per_shard_per_event,20180724,level_start,728,67
per_shard_per_event,20180910,session_start,724,483
per_shard_per_event,20180720,level_end,721,84
per_shard_per_event,20180919,session_start,720,481
per_shard_per_event,20180928,level_start,720,89
per_shard_per_event,20180909,session_start,719,501
per_shard_per_event,20180711,level_start,716,77
per_shard_per_event,20180717,select_content,707,297
per_shard_per_event,20180906,session_start,707,461
per_shard_per_event,20180907,session_start,700,488
per_shard_per_event,20180810,select_content,696,300
per_shard_per_event,20180829,session_start,696,447
per_shard_per_event,20180913,session_start,694,452
per_shard_per_event,20180705,level_start,693,69
per_shard_per_event,20180803,session_start,692,489
per_shard_per_event,20180802,session_start,690,450
per_shard_per_event,20180723,level_start,689,76
per_shard_per_event,20180830,level_start,689,78
per_shard_per_event,20180908,session_start,689,476
per_shard_per_event,20180804,session_start,688,474
per_shard_per_event,20180910,level_start,688,87
per_shard_per_event,20180926,session_start,688,472
per_shard_per_event,20180714,level_start,686,74
per_shard_per_event,20180917,level_start,686,72
per_shard_per_event,20180626,level_retry,685,91
per_shard_per_event,20180813,session_start,685,455
per_shard_per_event,20180827,session_start,685,438
per_shard_per_event,20180922,session_start,683,477
per_shard_per_event,20180613,session_start,682,466
per_shard_per_event,20180708,level_start,682,65
per_shard_per_event,20180710,level_start,680,83
per_shard_per_event,20180930,session_start,679,472
per_shard_per_event,20180821,level_start,677,74
per_shard_per_event,20180911,level_start,675,61
per_shard_per_event,20180929,session_start,675,468
per_shard_per_event,20180910,level_reset_quickplay,674,89
per_shard_per_event,20180810,level_reset_quickplay,673,54
per_shard_per_event,20180914,level_start,673,78
per_shard_per_event,20180925,session_start,673,450
per_shard_per_event,20180615,level_reset_quickplay,671,68
per_shard_per_event,20180713,level_start,671,79
per_shard_per_event,20180618,level_retry,670,87
per_shard_per_event,20180808,session_start,669,450
per_shard_per_event,20180615,session_start,667,438
per_shard_per_event,20180801,level_start,667,83
per_shard_per_event,20180805,session_start,667,450
per_shard_per_event,20180813,level_start,667,82
per_shard_per_event,20180831,level_start,667,77
per_shard_per_event,20180614,session_start,665,443
per_shard_per_event,20180729,session_start,662,444
per_shard_per_event,20180918,session_start,662,450
per_shard_per_event,20180904,session_start,659,420
per_shard_per_event,20180924,session_start,659,427
per_shard_per_event,20180926,level_start,657,76
per_shard_per_event,20180830,session_start,656,443
per_shard_per_event,20181001,session_start,656,431
per_shard_per_event,20180911,session_start,655,424
per_shard_per_event,20180720,level_retry,654,69
per_shard_per_event,20180813,level_reset_quickplay,653,68
per_shard_per_event,20180825,session_start,653,443
per_shard_per_event,20181002,session_start,653,442
per_shard_per_event,20180812,level_reset_quickplay,649,63
per_shard_per_event,20180902,session_start,648,444
per_shard_per_event,20181003,session_start,648,428
per_shard_per_event,20180622,level_start,647,76
per_shard_per_event,20180824,session_start,646,440
per_shard_per_event,20180709,level_start,642,64
per_shard_per_event,20180820,session_start,641,420
per_shard_per_event,20180916,session_start,641,417
per_shard_per_event,20180629,level_reset_quickplay,640,68
per_shard_per_event,20180713,session_start,640,422
per_shard_per_event,20180917,session_start,640,424
per_shard_per_event,20180828,session_start,638,422
per_shard_per_event,20180715,level_end,637,62
per_shard_per_event,20180722,level_start,637,86
per_shard_per_event,20180818,session_start,637,438
per_shard_per_event,20180903,session_start,637,428
per_shard_per_event,20180920,session_start,637,413
per_shard_per_event,20180721,session_start,636,439
per_shard_per_event,20180914,session_start,636,434
per_shard_per_event,20180629,session_start,635,442
per_shard_per_event,20180718,level_start,635,77
per_shard_per_event,20180730,session_start,632,433
per_shard_per_event,20180908,level_start,632,80
per_shard_per_event,20180808,level_end,631,76
per_shard_per_event,20180821,session_start,630,424
per_shard_per_event,20180928,session_start,630,450
per_shard_per_event,20180806,session_start,628,439
per_shard_per_event,20180822,session_start,625,406
per_shard_per_event,20180619,level_up,623,70
per_shard_per_event,20180819,level_start,623,74
per_shard_per_event,20180701,level_retry,622,98
per_shard_per_event,20180702,session_start,621,408
per_shard_per_event,20180809,session_start,621,416
per_shard_per_event,20180712,session_start,620,403
per_shard_per_event,20180924,level_start,620,72
per_shard_per_event,20180807,session_start,619,426
per_shard_per_event,20180826,session_start,618,416
per_shard_per_event,20180831,session_start,618,412
per_shard_per_event,20180624,level_start,617,69
per_shard_per_event,20180817,session_start,617,411
per_shard_per_event,20180929,level_reset_quickplay,617,80
per_shard_per_event,20180930,level_end,617,71
per_shard_per_event,20180727,session_start,616,419
per_shard_per_event,20180707,session_start,615,409
per_shard_per_event,20180623,session_start,614,411
per_shard_per_event,20180710,session_start,613,405
per_shard_per_event,20180731,level_end,613,82
per_shard_per_event,20180816,session_start,613,404
per_shard_per_event,20180818,level_reset_quickplay,613,68
per_shard_per_event,20180901,level_end,613,96
per_shard_per_event,20180812,session_start,611,415
per_shard_per_event,20180812,level_end,610,83
per_shard_per_event,20180922,level_reset_quickplay,610,113
per_shard_per_event,20180801,session_start,608,393
per_shard_per_event,20180728,session_start,607,418
per_shard_per_event,20180730,level_end,605,82
per_shard_per_event,20180814,session_start,605,395
per_shard_per_event,20180810,level_end,604,55
per_shard_per_event,20180819,session_start,604,410
per_shard_per_event,20180822,level_start,603,80
per_shard_per_event,20180902,level_reset_quickplay,603,84
per_shard_per_event,20180814,level_start,602,74
per_shard_per_event,20180619,level_complete,601,69
per_shard_per_event,20180617,session_start,598,402
per_shard_per_event,20180729,level_end,598,76
per_shard_per_event,20180915,session_start,598,389
per_shard_per_event,20180703,session_start,596,386
per_shard_per_event,20180809,level_retry,596,73
per_shard_per_event,20180612,session_start,595,400
per_shard_per_event,20180922,level_start,594,76
per_shard_per_event,20180711,session_start,593,390
per_shard_per_event,20180628,level_retry_quickplay,591,138
per_shard_per_event,20180626,level_retry_quickplay,590,129
per_shard_per_event,20180818,level_start,588,91
per_shard_per_event,20180823,session_start,588,376
per_shard_per_event,20180625,level_retry_quickplay,587,147
per_shard_per_event,20180723,session_start,587,389
per_shard_per_event,20180706,level_start,586,67
per_shard_per_event,20180731,session_start,585,392
per_shard_per_event,20180806,level_end,585,70
per_shard_per_event,20180807,level_end,585,80
per_shard_per_event,20180811,session_start,584,406
per_shard_per_event,20180614,level_start,583,56
per_shard_per_event,20180724,session_start,582,389
per_shard_per_event,20180810,level_retry,582,54
per_shard_per_event,20180709,session_start,580,380
per_shard_per_event,20180824,level_start,580,75
per_shard_per_event,20180901,session_start,579,406
per_shard_per_event,20180811,level_end,576,67
per_shard_per_event,20180903,level_start,576,78
per_shard_per_event,20180823,level_end,575,75
per_shard_per_event,20180706,session_start,574,370
per_shard_per_event,20180720,session_start,574,385
per_shard_per_event,20180904,level_end,573,64
per_shard_per_event,20180622,session_start,572,388
per_shard_per_event,20180911,level_reset_quickplay,572,92
per_shard_per_event,20180923,level_reset_quickplay,572,85
per_shard_per_event,20180704,level_start,568,76
per_shard_per_event,20180712,level_end,568,66
per_shard_per_event,20180815,session_start,568,368
per_shard_per_event,20180616,session_start,566,391
per_shard_per_event,20180621,level_end,565,70
per_shard_per_event,20180627,level_start,564,70
per_shard_per_event,20180721,level_end,563,67
per_shard_per_event,20180803,level_end,563,73
per_shard_per_event,20180620,level_start,560,70
per_shard_per_event,20180702,level_start,560,68
per_shard_per_event,20180728,level_end,560,81
per_shard_per_event,20180816,level_start,560,72
per_shard_per_event,20180930,level_reset_quickplay,560,74
per_shard_per_event,20180808,level_retry,559,60
per_shard_per_event,20180804,level_end,557,73
per_shard_per_event,20180817,level_end,557,63
per_shard_per_event,20180704,session_start,556,368
per_shard_per_event,20180617,level_end,555,61
per_shard_per_event,20180630,level_retry_quickplay,555,127
per_shard_per_event,20180708,level_end,554,56
per_shard_per_event,20180714,session_start,554,358
per_shard_per_event,20180726,level_end,553,67
per_shard_per_event,20180725,session_start,552,361
per_shard_per_event,20180913,level_start,552,71
per_shard_per_event,20180627,session_start,551,366
per_shard_per_event,20180726,session_start,550,369
per_shard_per_event,20180929,level_end,549,79
per_shard_per_event,20180705,session_start,548,383
per_shard_per_event,20180911,level_end,547,52
per_shard_per_event,20180905,level_start,546,63
per_shard_per_event,20180711,level_end,545,66
per_shard_per_event,20180717,level_start,543,52
per_shard_per_event,20180724,level_end,543,59
per_shard_per_event,20180703,level_reset_quickplay,542,56
per_shard_per_event,20180912,level_start,542,77
per_shard_per_event,20180627,level_reset_quickplay,541,55
per_shard_per_event,20180809,level_up,540,80
per_shard_per_event,20180830,level_end,540,72
per_shard_per_event,20180715,session_start,539,360
per_shard_per_event,20180809,level_complete,536,79
per_shard_per_event,20180716,session_start,535,352
per_shard_per_event,20180730,level_retry,535,69
per_shard_per_event,20180720,level_up,534,77
per_shard_per_event,20180909,level_start,534,89
per_shard_per_event,20180722,session_start,533,372
per_shard_per_event,20180727,level_end,533,78
per_shard_per_event,20180731,level_retry,533,78
per_shard_per_event,20180827,level_start,533,63
per_shard_per_event,20180729,level_retry,532,63
per_shard_per_event,20180928,level_end,532,79
per_shard_per_event,20180714,level_end,528,69
per_shard_per_event,20180926,level_end,528,69
per_shard_per_event,20180723,level_end,527,73
per_shard_per_event,20180618,level_retry_quickplay,526,93
per_shard_per_event,20180715,level_retry,526,52
per_shard_per_event,20180629,level_start,525,88
per_shard_per_event,20180907,level_start,525,63
per_shard_per_event,20180716,level_end,523,69
per_shard_per_event,20180621,level_retry,521,58
per_shard_per_event,20180624,session_start,521,348
per_shard_per_event,20180805,level_end,521,72
per_shard_per_event,20180825,level_start,521,63
per_shard_per_event,20180718,session_start,520,344
per_shard_per_event,20180812,level_retry,519,75
per_shard_per_event,20180620,session_start,518,341
per_shard_per_event,20180811,level_retry,518,58
per_shard_per_event,20180720,level_complete,517,73
per_shard_per_event,20180820,level_end,517,76
per_shard_per_event,20180712,level_retry,516,58
per_shard_per_event,20180703,level_start,515,81
per_shard_per_event,20180806,level_retry,514,65
per_shard_per_event,20180612,level_start,511,58
per_shard_per_event,20180621,session_start,509,352
per_shard_per_event,20180901,level_retry,509,86
per_shard_per_event,20180615,level_start,508,67
per_shard_per_event,20180713,level_end,508,73
per_shard_per_event,20180618,level_complete_quickplay,505,90
per_shard_per_event,20180623,level_end,505,71
per_shard_per_event,20180630,level_retry,505,77
per_shard_per_event,20180711,level_retry,504,53
per_shard_per_event,20180622,level_end,502,68
per_shard_per_event,20180817,level_retry,502,51
per_shard_per_event,20180910,level_end,502,75
per_shard_per_event,20180708,session_start,500,305
per_shard_per_event,20180821,level_end,500,64
per_shard_per_event,20180925,level_reset_quickplay,498,77
per_shard_per_event,20180625,level_retry,495,85
per_shard_per_event,20180717,session_start,495,324
per_shard_per_event,20180714,level_retry,493,60
per_shard_per_event,20180709,level_end,488,58
per_shard_per_event,20180726,level_retry,486,62
per_shard_per_event,20180813,level_end,485,75
per_shard_per_event,20180719,session_start,484,309
per_shard_per_event,20180701,level_retry_quickplay,483,138
per_shard_per_event,20180716,level_retry,483,60
per_shard_per_event,20180802,level_start,482,76
per_shard_per_event,20180823,level_retry,481,72
per_shard_per_event,20180914,level_end,480,67
per_shard_per_event,20181001,level_start,479,58
per_shard_per_event,20180618,select_content,478,73
per_shard_per_event,20180819,level_end,478,62
per_shard_per_event,20180722,level_end,477,67
per_shard_per_event,20180810,session_start,477,326
per_shard_per_event,20180725,level_start,475,70
per_shard_per_event,20180727,level_retry,474,64
per_shard_per_event,20180923,level_start,473,61
per_shard_per_event,20180724,level_retry,472,54
per_shard_per_event,20180808,level_up,472,60
per_shard_per_event,20180808,level_complete,471,59
per_shard_per_event,20180831,level_end,471,71
per_shard_per_event,20180930,level_retry,470,59
per_shard_per_event,20180710,level_end,469,72
per_shard_per_event,20180908,level_reset_quickplay,468,103
per_shard_per_event,20180913,level_reset_quickplay,468,69
per_shard_per_event,20180820,level_retry,467,64
per_shard_per_event,20180807,level_retry,466,70
per_shard_per_event,20180804,level_retry,465,64
per_shard_per_event,20180723,level_retry,462,63
per_shard_per_event,20180904,level_reset_quickplay,462,76
per_shard_per_event,20180929,level_retry,462,61
per_shard_per_event,20180807,level_complete,459,68
per_shard_per_event,20180807,level_up,459,68
per_shard_per_event,20180917,level_end,459,63
per_shard_per_event,20180708,level_retry,458,46
per_shard_per_event,20180624,level_end,456,66
per_shard_per_event,20180705,level_end,456,61
per_shard_per_event,20180925,level_start,454,59
per_shard_per_event,20180814,level_end,451,59
per_shard_per_event,20180713,level_retry,449,67
per_shard_per_event,20180801,level_end,449,76
per_shard_per_event,20180613,level_start,448,72
per_shard_per_event,20180704,level_end,447,66
per_shard_per_event,20180706,level_end,447,62
per_shard_per_event,20180915,level_start,447,52
per_shard_per_event,20180622,level_retry,444,59
per_shard_per_event,20180623,level_retry,443,64
per_shard_per_event,20180731,level_up,443,76
per_shard_per_event,20180821,level_retry,442,52
per_shard_per_event,20180805,level_retry,441,62
per_shard_per_event,20180709,level_retry,439,50
per_shard_per_event,20180628,level_retry,438,88
per_shard_per_event,20180731,level_complete,438,75
per_shard_per_event,20180813,level_retry,438,66
per_shard_per_event,20180901,level_complete,438,80
per_shard_per_event,20180901,level_up,438,80
per_shard_per_event,20180811,level_up,437,54
per_shard_per_event,20180718,level_end,436,68
per_shard_per_event,20180728,level_retry,436,71
per_shard_per_event,20180922,level_end,436,70
per_shard_per_event,20180803,level_retry,434,57
per_shard_per_event,20180811,level_complete,434,54
per_shard_per_event,20180616,level_start,433,56
per_shard_per_event,20180829,level_start,433,61
per_shard_per_event,20180903,level_end,433,69
per_shard_per_event,20180822,level_end,432,75
per_shard_per_event,20180928,level_retry,431,68
per_shard_per_event,20180930,level_complete,431,59
per_shard_per_event,20180930,level_up,431,59
per_shard_per_event,20180721,level_retry,430,52
per_shard_per_event,20180614,level_end,429,49
per_shard_per_event,20180730,level_complete,428,70
per_shard_per_event,20180730,level_up,428,70
per_shard_per_event,20180627,level_end,427,65
per_shard_per_event,20180919,level_start,425,50
per_shard_per_event,20180722,level_retry,423,59
per_shard_per_event,20180806,level_complete,422,64
per_shard_per_event,20180806,level_up,422,64
per_shard_per_event,20180823,level_complete,422,62
per_shard_per_event,20180823,level_up,422,62
per_shard_per_event,20180924,level_end,421,65
per_shard_per_event,20180715,level_up,419,53
per_shard_per_event,20180616,level_reset_quickplay,418,56
per_shard_per_event,20180618,level_complete,416,73
per_shard_per_event,20180812,level_up,416,68
per_shard_per_event,20180617,level_retry,414,44
per_shard_per_event,20180710,level_retry,414,66
per_shard_per_event,20180905,level_end,414,58
per_shard_per_event,20180925,level_retry_quickplay,412,57
per_shard_per_event,20180707,level_start,409,65
per_shard_per_event,20180728,level_up,409,68
per_shard_per_event,20180815,level_start,409,54
per_shard_per_event,20180818,level_end,409,75
per_shard_per_event,20180824,level_end,409,65
per_shard_per_event,20180619,select_content,408,70
per_shard_per_event,20180626,level_complete,407,67
per_shard_per_event,20180913,level_end,407,65
per_shard_per_event,20180914,level_retry,407,56
per_shard_per_event,20180718,level_retry,404,63
per_shard_per_event,20180922,level_retry_quickplay,404,85
per_shard_per_event,20180615,level_end,403,59
per_shard_per_event,20180816,level_end,402,63
per_shard_per_event,20180822,level_retry,402,64
per_shard_per_event,20180705,level_retry,401,58
per_shard_per_event,20180624,level_retry,400,57
per_shard_per_event,20180908,level_end,400,73
per_shard_per_event,20180626,level_up,399,63
per_shard_per_event,20180728,level_complete,398,66
per_shard_per_event,20180727,level_up,397,69
per_shard_per_event,20180702,level_end,396,59
per_shard_per_event,20180906,level_start,395,60
per_shard_per_event,20180831,level_retry,394,62
per_shard_per_event,20180814,level_retry,393,53
per_shard_per_event,20180612,level_end,392,50
per_shard_per_event,20180616,level_retry_quickplay,392,57
per_shard_per_event,20180621,level_up,392,54
per_shard_per_event,20180830,level_retry,391,58
per_shard_per_event,20180622,level_up,390,53
per_shard_per_event,20180916,level_start,390,52
per_shard_per_event,20180812,level_complete,389,66
per_shard_per_event,20180907,level_end,389,57
per_shard_per_event,20180912,level_end,389,67
per_shard_per_event,20180620,level_end,388,59
per_shard_per_event,20180910,level_retry,388,57
per_shard_per_event,20180618,level_up,387,73
per_shard_per_event,20180627,level_retry,387,55
per_shard_per_event,20180702,level_retry_quickplay,387,81
per_shard_per_event,20180719,level_start,386,56
per_shard_per_event,20180819,level_retry,385,52
per_shard_per_event,20180727,level_complete,384,66
per_shard_per_event,20180821,level_up,384,50
per_shard_per_event,20180827,level_end,384,53
per_shard_per_event,20180909,level_end,384,76
per_shard_per_event,20180701,level_complete,383,74
per_shard_per_event,20180701,level_up,383,74
per_shard_per_event,20180821,level_complete,382,48
per_shard_per_event,20180703,level_end,381,72
per_shard_per_event,20180706,level_retry,381,54
per_shard_per_event,20180629,level_end,380,77
per_shard_per_event,20180810,level_complete,380,52
per_shard_per_event,20180810,level_up,380,52
per_shard_per_event,20180825,level_end,380,54
per_shard_per_event,20180801,level_retry,379,60
per_shard_per_event,20180926,level_retry,379,53
per_shard_per_event,20180929,level_up,379,70
per_shard_per_event,20180721,level_up,376,56
per_shard_per_event,20180828,level_start,375,57
per_shard_per_event,20180830,level_up,375,60
per_shard_per_event,20180622,level_complete,374,48
per_shard_per_event,20180619,level_fail,373,73
per_shard_per_event,20180724,level_up,372,51
per_shard_per_event,20180805,level_up,372,64
per_shard_per_event,20180817,level_up,372,55
per_shard_per_event,20180910,level_complete,371,69
per_shard_per_event,20180910,level_up,371,69
per_shard_per_event,20181003,level_start,371,64
per_shard_per_event,20180923,level_end,369,55
per_shard_per_event,20180724,level_complete,368,50
per_shard_per_event,20180725,level_end,368,63
per_shard_per_event,20180621,level_complete,367,47
per_shard_per_event,20180726,level_up,367,56
per_shard_per_event,20180619,level_retry_quickplay,366,80
per_shard_per_event,20180729,level_up,366,64
per_shard_per_event,20180830,level_complete,366,58
per_shard_per_event,20180929,level_complete,366,68
per_shard_per_event,20180729,level_complete,365,63
per_shard_per_event,20180805,level_complete,364,63
per_shard_per_event,20180911,level_complete,364,44
per_shard_per_event,20180911,level_up,364,44
per_shard_per_event,20180717,level_end,363,48
per_shard_per_event,20180817,level_complete,363,53
per_shard_per_event,20180714,level_up,362,57
per_shard_per_event,20181002,level_start,362,60
per_shard_per_event,20180708,level_up,361,46
per_shard_per_event,20180711,level_up,359,54
per_shard_per_event,20180726,level_complete,359,55
per_shard_per_event,20180928,level_complete,358,66
per_shard_per_event,20180928,level_up,358,66
per_shard_per_event,20180702,level_retry,357,51
per_shard_per_event,20180912,level_retry,357,54
per_shard_per_event,20180710,level_retry_quickplay,356,85
per_shard_per_event,20180907,level_retry_quickplay,356,63
per_shard_per_event,20180716,level_up,354,54
per_shard_per_event,20180703,level_retry_quickplay,353,84
per_shard_per_event,20180719,level_retry_quickplay,351,60
per_shard_per_event,20180723,level_up,350,55
per_shard_per_event,20180721,level_complete,348,54
per_shard_per_event,20180903,level_retry,348,57
per_shard_per_event,20180915,level_end,348,49
per_shard_per_event,20180917,level_retry,346,46
per_shard_per_event,20180714,level_complete,345,51
per_shard_per_event,20180716,level_complete,345,51
per_shard_per_event,20180925,level_end,345,56
per_shard_per_event,20180620,level_retry,344,52
per_shard_per_event,20180626,level_fail,344,71
per_shard_per_event,20180627,level_retry_quickplay,344,90
per_shard_per_event,20180813,level_complete,344,63
per_shard_per_event,20180813,level_up,344,63
per_shard_per_event,20180616,level_end,343,52
per_shard_per_event,20180723,level_complete,343,53
per_shard_per_event,20180926,level_up,343,52
per_shard_per_event,20180803,level_complete,342,60
per_shard_per_event,20180803,level_up,342,60
per_shard_per_event,20180624,level_up,341,57
per_shard_per_event,20180926,level_complete,340,50
per_shard_per_event,20180715,level_complete,339,45
per_shard_per_event,20180919,level_end,339,47
per_shard_per_event,20180709,level_up,337,45
per_shard_per_event,20180711,level_complete,336,47
per_shard_per_event,20180819,level_retry_quickplay,336,94
per_shard_per_event,20180902,level_retry_quickplay,336,60
per_shard_per_event,20180903,level_complete,336,59
per_shard_per_event,20180903,level_up,336,59
per_shard_per_event,20180623,level_up,335,60
per_shard_per_event,20180804,level_complete,335,61
per_shard_per_event,20180804,level_up,335,61
per_shard_per_event,20180704,level_retry,334,53
per_shard_per_event,20180713,level_up,333,61
per_shard_per_event,20180717,level_retry,332,39
per_shard_per_event,20180831,level_up,332,57
per_shard_per_event,20180904,level_retry,331,43
per_shard_per_event,20181001,level_end,331,52
per_shard_per_event,20180613,level_end,329,62
per_shard_per_event,20180827,level_retry,328,46
per_shard_per_event,20180712,level_up,325,51
per_shard_per_event,20180722,level_up,325,57
per_shard_per_event,20180818,level_retry,325,65
per_shard_per_event,20180819,level_up,325,58
per_shard_per_event,20180831,level_complete,325,55
per_shard_per_event,20180819,level_complete,324,57
per_shard_per_event,20180824,level_retry,324,49
per_shard_per_event,20180905,level_retry,324,44
per_shard_per_event,20180725,level_retry,322,56
per_shard_per_event,20180911,level_retry,322,35
per_shard_per_event,20180801,level_up,321,65
per_shard_per_event,20180824,level_complete,321,55
per_shard_per_event,20180824,level_up,321,55
per_shard_per_event,20180704,level_up,320,56
per_shard_per_event,20180801,level_complete,320,64
per_shard_per_event,20180816,level_retry,320,52
per_shard_per_event,20180921,level_retry_quickplay,320,60
per_shard_per_event,20180914,level_up,319,54
per_shard_per_event,20180709,level_complete,318,40
per_shard_per_event,20180818,level_retry_quickplay,318,83
per_shard_per_event,20180918,level_start,318,48
per_shard_per_event,20180710,level_up,317,54
per_shard_per_event,20180829,level_end,316,52
per_shard_per_event,20180904,level_complete,316,57
per_shard_per_event,20180904,level_up,316,57
per_shard_per_event,20180914,level_complete,316,53
per_shard_per_event,20180820,level_up,315,69
per_shard_per_event,20180825,level_retry,314,45
per_shard_per_event,20180802,level_end,313,65
per_shard_per_event,20180820,level_complete,313,68
per_shard_per_event,20180724,level_retry_quickplay,312,93
per_shard_per_event,20180903,level_retry_quickplay,312,105
per_shard_per_event,20180629,level_retry,311,62
per_shard_per_event,20180618,level_fail,310,68
per_shard_per_event,20180617,level_up,309,53
per_shard_per_event,20180624,level_complete,309,53
per_shard_per_event,20180922,level_complete,308,56
per_shard_per_event,20180922,level_up,308,56
per_shard_per_event,20180630,level_complete,306,50
per_shard_per_event,20180822,level_up,306,62
per_shard_per_event,20180630,level_up,305,49
per_shard_per_event,20180703,level_retry,305,64
per_shard_per_event,20180822,level_complete,305,61
per_shard_per_event,20180909,level_retry,305,63
per_shard_per_event,20180614,level_up,304,42
per_shard_per_event,20180713,level_complete,304,55
per_shard_per_event,20180808,level_retry_quickplay,304,101
per_shard_per_event,20180815,level_end,304,54
per_shard_per_event,20180712,level_complete,302,47
per_shard_per_event,20180625,level_complete,301,59
per_shard_per_event,20180920,level_start,301,45
per_shard_per_event,20180614,level_retry,300,37
per_shard_per_event,20180814,level_up,297,51
per_shard_per_event,20180902,level_start,297,50
per_shard_per_event,20180612,level_up,296,42
per_shard_per_event,20180623,level_complete,296,53
per_shard_per_event,20180722,level_complete,296,55
per_shard_per_event,20180701,level_fail,295,61
per_shard_per_event,20180817,level_retry_quickplay,295,88
per_shard_per_event,20180921,level_start,292,42
per_shard_per_event,20180615,level_retry_quickplay,291,71
per_shard_per_event,20180625,level_up,291,56
per_shard_per_event,20180704,level_retry_quickplay,291,81
per_shard_per_event,20180706,level_up,290,53
per_shard_per_event,20180814,level_complete,290,50
per_shard_per_event,20180913,level_retry,290,54
per_shard_per_event,20180705,level_up,288,51
per_shard_per_event,20180710,level_complete,287,50
per_shard_per_event,20180711,level_retry_quickplay,285,91
per_shard_per_event,20180813,level_retry_quickplay,285,104
per_shard_per_event,20180727,level_retry_quickplay,284,103
per_shard_per_event,20180912,level_retry_quickplay,284,108
per_shard_per_event,20180708,level_complete,283,34
per_shard_per_event,20180719,level_end,283,51
per_shard_per_event,20181003,level_end,283,57
per_shard_per_event,20180913,level_complete,281,50
per_shard_per_event,20180913,level_up,281,50
per_shard_per_event,20180922,level_retry,281,49
per_shard_per_event,20180924,level_retry,280,54
per_shard_per_event,20180908,level_up,279,60
per_shard_per_event,20180801,level_retry_quickplay,278,93
per_shard_per_event,20180828,level_end,277,49
per_shard_per_event,20180627,level_up,276,53
per_shard_per_event,20180919,level_up,276,41
per_shard_per_event,20180907,level_up,275,51
per_shard_per_event,20180919,level_complete,275,40
per_shard_per_event,20180927,level_start,275,52
per_shard_per_event,20180620,level_up,274,54
per_shard_per_event,20180907,level_complete,274,50
per_shard_per_event,20180913,level_retry_quickplay,273,92
per_shard_per_event,20180916,level_end,273,50
per_shard_per_event,20180623,level_retry_quickplay,272,101
per_shard_per_event,20180810,level_retry_quickplay,272,64
per_shard_per_event,20180812,level_retry_quickplay,272,89
per_shard_per_event,20180908,level_complete,272,59
per_shard_per_event,20180612,level_retry,271,36
per_shard_per_event,20180629,level_up,271,60
per_shard_per_event,20180912,level_complete,271,54
per_shard_per_event,20180912,level_up,271,54
per_shard_per_event,20181002,level_retry_quickplay,271,94
per_shard_per_event,20180615,level_retry,270,44
per_shard_per_event,20180825,level_complete,270,43
per_shard_per_event,20180825,level_up,270,43
per_shard_per_event,20180705,level_retry_quickplay,269,77
per_shard_per_event,20180709,level_retry_quickplay,269,100
per_shard_per_event,20180723,level_retry_quickplay,267,89
per_shard_per_event,20180816,level_complete,267,52
per_shard_per_event,20180816,level_up,267,52
per_shard_per_event,20180905,level_complete,267,52
per_shard_per_event,20180905,level_up,267,52
per_shard_per_event,20180924,level_complete,267,52
per_shard_per_event,20180924,level_up,267,52
per_shard_per_event,20181001,level_retry,267,43
per_shard_per_event,20180707,level_end,266,56
per_shard_per_event,20180906,level_retry_quickplay,266,61
per_shard_per_event,20180909,level_up,266,65
per_shard_per_event,20181003,level_retry_quickplay,265,94
per_shard_per_event,20180718,level_up,264,55
per_shard_per_event,20180722,level_retry_quickplay,264,78
per_shard_per_event,20180908,level_retry_quickplay,264,85
per_shard_per_event,20180628,level_complete_quickplay,263,20
per_shard_per_event,20180909,level_complete,263,64
per_shard_per_event,20180918,level_retry_quickplay,263,53
per_shard_per_event,20180617,level_retry_quickplay,262,67
per_shard_per_event,20180628,level_complete,262,60
per_shard_per_event,20180826,level_start,262,51
per_shard_per_event,20180703,level_up,261,57
per_shard_per_event,20180915,level_retry,260,34
per_shard_per_event,20180731,level_retry_quickplay,258,90
per_shard_per_event,20180718,level_complete,257,53
per_shard_per_event,20180729,level_retry_quickplay,257,86
per_shard_per_event,20180815,level_retry_quickplay,257,76
per_shard_per_event,20180818,level_up,257,58
per_shard_per_event,20180904,level_fail,257,39
per_shard_per_event,20180818,level_complete,256,57
per_shard_per_event,20180905,level_retry_quickplay,256,78
per_shard_per_event,20180805,level_retry_quickplay,255,96
per_shard_per_event,20181002,level_end,255,52
per_shard_per_event,20180705,level_complete,254,45
per_shard_per_event,20180827,level_retry_quickplay,254,97
per_shard_per_event,20180829,level_retry,253,46
per_shard_per_event,20180906,level_end,253,49
per_shard_per_event,20180917,level_complete,253,51
per_shard_per_event,20180917,level_up,253,51
per_shard_per_event,20180625,level_fail,252,57
per_shard_per_event,20180627,level_complete,252,46
per_shard_per_event,20180820,level_retry_quickplay,252,87
per_shard_per_event,20180613,level_retry_quickplay,250,64
per_shard_per_event,20180809,level_retry_quickplay,250,100
per_shard_per_event,20180814,level_retry_quickplay,250,84
per_shard_per_event,20180815,level_retry,249,40
per_shard_per_event,20180822,level_retry_quickplay,249,79
per_shard_per_event,20180702,level_up,248,47
per_shard_per_event,20180923,level_complete,248,43
per_shard_per_event,20180923,level_up,248,43
per_shard_per_event,20180628,level_up,247,57
per_shard_per_event,20180630,level_fail,247,68
per_shard_per_event,20180617,level_fail,246,35
per_shard_per_event,20180626,level_complete_quickplay,245,31
per_shard_per_event,20180827,level_complete,244,45
per_shard_per_event,20180827,level_up,244,45
per_shard_per_event,20180615,level_up,243,46
per_shard_per_event,20180712,level_fail,243,37
per_shard_per_event,20180717,level_retry_quickplay,243,69
per_shard_per_event,20180908,level_retry,243,54
per_shard_per_event,20180706,level_complete,242,44
per_shard_per_event,20180720,level_retry_quickplay,242,84
per_shard_per_event,20180829,level_complete,242,42
per_shard_per_event,20180829,level_up,242,42
per_shard_per_event,20180719,level_retry,241,41
per_shard_per_event,20180612,level_retry_quickplay,240,57
per_shard_per_event,20180616,level_up,240,38
per_shard_per_event,20180630,level_complete_quickplay,240,26
per_shard_per_event,20180628,level_fail,239,55
per_shard_per_event,20180823,level_retry_quickplay,239,78
per_shard_per_event,20180828,level_retry,239,40
per_shard_per_event,20180714,level_retry_quickplay,237,70
per_shard_per_event,20180806,level_retry_quickplay,236,90
per_shard_per_event,20180924,level_retry_quickplay,236,74
per_shard_per_event,20180620,level_complete,235,47
per_shard_per_event,20180725,level_up,234,53
per_shard_per_event,20180909,level_retry_quickplay,234,84
per_shard_per_event,20180625,level_complete_quickplay,233,20
per_shard_per_event,20180725,level_complete,233,52
per_shard_per_event,20180821,level_retry_quickplay,233,99
per_shard_per_event,20181001,level_up,233,46
per_shard_per_event,20180729,level_fail,232,47
per_shard_per_event,20180802,level_retry_quickplay,231,92
per_shard_per_event,20181002,level_retry,231,41
per_shard_per_event,20180702,level_complete,229,43
per_shard_per_event,20180915,level_up,229,41
per_shard_per_event,20181003,level_retry,229,48
per_shard_per_event,20180717,level_up,228,39
per_shard_per_event,20180704,level_complete,227,42
per_shard_per_event,20180802,level_up,227,53
per_shard_per_event,20180915,level_complete,227,40
per_shard_per_event,20180918,level_end,227,45
per_shard_per_event,20180629,level_complete,226,48
per_shard_per_event,20180802,level_retry,226,52
per_shard_per_event,20180919,level_retry_quickplay,225,63
per_shard_per_event,20180921,level_end,225,33
per_shard_per_event,20180726,level_retry_quickplay,224,86
per_shard_per_event,20180803,level_retry_quickplay,224,103
per_shard_per_event,20180810,level_fail,224,30
per_shard_per_event,20180816,level_retry_quickplay,224,86
per_shard_per_event,20180830,level_retry_quickplay,224,94
per_shard_per_event,20180804,level_fail,222,46
per_shard_per_event,20180803,level_fail,221,37
per_shard_per_event,20180719,level_up,220,44
per_shard_per_event,20180707,level_retry_quickplay,219,93
per_shard_per_event,20180629,level_retry_quickplay,218,99
per_shard_per_event,20180715,level_fail,218,33
per_shard_per_event,20180920,level_retry_quickplay,218,58
per_shard_per_event,20180925,level_up,218,45
per_shard_per_event,20181001,level_complete,218,43
per_shard_per_event,20180616,level_retry,217,38
per_shard_per_event,20180622,level_retry_quickplay,217,82
per_shard_per_event,20180713,level_retry_quickplay,217,88
per_shard_per_event,20180829,level_retry_quickplay,216,97
per_shard_per_event,20180718,level_retry_quickplay,215,69
per_shard_per_event,20180828,level_retry_quickplay,215,87
per_shard_per_event,20180925,level_complete,215,44
per_shard_per_event,20180706,level_retry_quickplay,214,89
per_shard_per_event,20180904,level_retry_quickplay,214,64
per_shard_per_event,20180815,level_up,213,38
per_shard_per_event,20180826,level_retry_quickplay,213,88
per_shard_per_event,20180703,level_complete,211,51
per_shard_per_event,20180712,level_retry_quickplay,210,81
per_shard_per_event,20180927,level_end,210,41
per_shard_per_event,20180815,level_complete,209,37
per_shard_per_event,20180707,level_retry,208,45
per_shard_per_event,20180719,level_complete,208,39
per_shard_per_event,20180929,level_retry_quickplay,208,111
per_shard_per_event,20180613,level_up,207,52
per_shard_per_event,20180824,level_retry_quickplay,207,83
per_shard_per_event,20180715,level_retry_quickplay,206,70
per_shard_per_event,20180917,level_fail,206,28
per_shard_per_event,20180717,level_complete,205,33
per_shard_per_event,20180613,level_retry,204,45
per_shard_per_event,20180802,level_complete,204,52
per_shard_per_event,20180907,level_retry,204,35
per_shard_per_event,20180612,level_complete,203,26
per_shard_per_event,20180624,level_retry_quickplay,203,70
per_shard_per_event,20180716,level_retry_quickplay,203,69
per_shard_per_event,20180728,level_retry_quickplay,203,78
per_shard_per_event,20180807,level_retry_quickplay,203,96
per_shard_per_event,20180820,level_fail,202,31
per_shard_per_event,20180730,level_retry_quickplay,200,77
per_shard_per_event,20180920,level_end,200,39
per_shard_per_event,20180910,level_retry_quickplay,199,72
per_shard_per_event,20180928,level_retry_quickplay,199,104
per_shard_per_event,20180930,level_retry_quickplay,199,89
per_shard_per_event,20181001,level_retry_quickplay,199,85
per_shard_per_event,20180617,level_complete,197,32
per_shard_per_event,20180828,level_complete,197,41
per_shard_per_event,20180828,level_up,197,41
per_shard_per_event,20180614,level_complete,196,25
per_shard_per_event,20180621,level_retry_quickplay,196,69
per_shard_per_event,20180714,spend_virtual_currency,196,37
per_shard_per_event,20180911,level_retry_quickplay,195,73
per_shard_per_event,20180812,level_fail,194,50
per_shard_per_event,20180825,level_retry_quickplay,194,92
per_shard_per_event,20181003,level_complete,194,53
per_shard_per_event,20181003,level_up,194,53
per_shard_per_event,20180708,level_fail,193,35
per_shard_per_event,20180811,level_retry_quickplay,193,81
per_shard_per_event,20180708,level_retry_quickplay,192,73
per_shard_per_event,20180725,level_retry_quickplay,192,83
per_shard_per_event,20180925,level_retry,192,36
per_shard_per_event,20180809,level_fail,190,46
per_shard_per_event,20180902,level_end,190,39
per_shard_per_event,20180914,level_retry_quickplay,190,86
per_shard_per_event,20180720,level_fail,187,40
per_shard_per_event,20180721,level_fail,187,42
per_shard_per_event,20180711,level_fail,186,36
per_shard_per_event,20180726,level_fail,186,41
per_shard_per_event,20180930,level_fail,186,41
per_shard_per_event,20180817,level_fail,185,37
per_shard_per_event,20180926,level_fail,185,37
per_shard_per_event,20180926,level_retry_quickplay,185,83
per_shard_per_event,20180614,level_retry_quickplay,184,79
per_shard_per_event,20180911,level_fail,183,33
per_shard_per_event,20180915,level_retry_quickplay,183,51
per_shard_per_event,20180916,level_complete,181,41
per_shard_per_event,20180916,level_up,181,41
per_shard_per_event,20180707,level_up,180,41
per_shard_per_event,20180917,level_retry_quickplay,180,79
per_shard_per_event,20180901,level_retry_quickplay,178,92
per_shard_per_event,20181002,level_complete,178,38
per_shard_per_event,20181002,level_up,178,38
per_shard_per_event,20180620,level_retry_quickplay,177,74
per_shard_per_event,20180628,level_reset,177,46
per_shard_per_event,20180723,level_fail,177,45
per_shard_per_event,20180730,level_fail,177,42
per_shard_per_event,20180831,level_retry_quickplay,176,77
per_shard_per_event,20180906,level_complete,176,41
per_shard_per_event,20180906,level_up,176,41
per_shard_per_event,20180713,level_fail,175,37
per_shard_per_event,20180901,level_fail,175,52
per_shard_per_event,20180916,level_retry,175,32
per_shard_per_event,20180928,level_fail,174,39
per_shard_per_event,20180621,level_fail,173,43
per_shard_per_event,20180826,level_end,173,43
per_shard_per_event,20180718,level_fail,172,39
per_shard_per_event,20180626,level_reset,171,43
per_shard_per_event,20180724,level_fail,171,34
per_shard_per_event,20180615,level_complete,170,30
per_shard_per_event,20180623,level_fail,170,40
per_shard_per_event,20180731,level_fail,170,41
per_shard_per_event,20180929,level_fail,170,38
per_shard_per_event,20180714,use_extra_steps,169,32
per_shard_per_event,20180716,level_fail,169,36
per_shard_per_event,20180705,level_fail,168,32
per_shard_per_event,20180714,level_fail,166,37
per_shard_per_event,20180817,spend_virtual_currency,166,34
per_shard_per_event,20180830,level_fail,165,47
per_shard_per_event,20180923,level_retry_quickplay,165,61
per_shard_per_event,20180619,level_reset,164,40
per_shard_per_event,20180806,level_fail,163,39
per_shard_per_event,20180804,level_retry_quickplay,161,87
per_shard_per_event,20180914,level_fail,161,42
per_shard_per_event,20180615,level_fail,160,34
per_shard_per_event,20180817,use_extra_steps,160,32
per_shard_per_event,20180826,app_exception,160,16
per_shard_per_event,20180616,level_complete,159,26
per_shard_per_event,20180626,select_content,159,39
per_shard_per_event,20180808,level_fail,159,44
per_shard_per_event,20180923,level_retry,159,29
per_shard_per_event,20180628,select_content,158,29
per_shard_per_event,20180706,level_fail,158,32
per_shard_per_event,20180805,level_reset,156,25
per_shard_per_event,20180902,level_up,156,37
per_shard_per_event,20180814,level_fail,154,42
per_shard_per_event,20180826,level_retry,154,34
per_shard_per_event,20180924,level_fail,154,37
per_shard_per_event,20180722,level_fail,153,34
per_shard_per_event,20180819,level_fail,153,25
per_shard_per_event,20180823,level_fail,153,47
per_shard_per_event,20180710,level_fail,152,43
per_shard_per_event,20180818,level_fail,152,42
per_shard_per_event,20180627,level_fail,151,32
per_shard_per_event,20180709,level_fail,151,31
per_shard_per_event,20180728,level_fail,151,41
per_shard_per_event,20180618,level_reset,150,40
per_shard_per_event,20180805,level_fail,149,35
per_shard_per_event,20180921,level_complete,149,27
per_shard_per_event,20180921,level_up,149,27
per_shard_per_event,20180702,level_fail,148,35
per_shard_per_event,20180905,level_fail,147,32
per_shard_per_event,20180618,app_exception,146,23
per_shard_per_event,20180721,level_retry_quickplay,146,83
per_shard_per_event,20180707,level_complete,145,34
per_shard_per_event,20180927,level_retry_quickplay,145,62
per_shard_per_event,20180623,level_reset,143,28
per_shard_per_event,20180918,level_up,143,39
per_shard_per_event,20180701,level_complete_quickplay,142,16
per_shard_per_event,20180914,spend_virtual_currency,142,33
per_shard_per_event,20180813,level_fail,141,40
per_shard_per_event,20180827,level_fail,140,27
per_shard_per_event,20180830,spend_virtual_currency,140,38
per_shard_per_event,20180918,level_complete,140,38
per_shard_per_event,20180920,level_up,140,34
per_shard_per_event,20180811,level_fail,139,41
per_shard_per_event,20180831,level_fail,139,37
per_shard_per_event,20180908,app_exception,139,23
per_shard_per_event,20180914,use_extra_steps,138,30
per_shard_per_event,20180901,level_reset,137,36
per_shard_per_event,20180727,level_fail,136,35
per_shard_per_event,20180717,level_fail,135,28
per_shard_per_event,20180816,level_fail,135,33
per_shard_per_event,20180918,level_retry,135,30
per_shard_per_event,20180725,level_fail,134,37
per_shard_per_event,20180917,level_reset,134,24
per_shard_per_event,20180824,spend_virtual_currency,133,44
per_shard_per_event,20180712,level_reset,132,24
per_shard_per_event,20180919,level_retry,132,30
per_shard_per_event,20180910,level_fail,131,32
per_shard_per_event,20180920,level_complete,131,31
per_shard_per_event,20180928,app_exception,131,20
per_shard_per_event,20180613,level_complete,130,32
per_shard_per_event,20180902,level_complete,130,35
per_shard_per_event,20180817,level_reset,129,23
per_shard_per_event,20180906,level_retry,129,34
per_shard_per_event,20180929,level_reset,129,18
per_shard_per_event,20180801,level_fail,128,39
per_shard_per_event,20180922,level_fail,128,35
per_shard_per_event,20180927,level_retry,128,27
per_shard_per_event,20180704,level_fail,127,35
per_shard_per_event,20180725,spend_virtual_currency,127,31
per_shard_per_event,20180725,use_extra_steps,127,31
per_shard_per_event,20180925,level_fail,127,29
per_shard_per_event,20180804,level_reset,126,25
per_shard_per_event,20180807,level_fail,126,37
per_shard_per_event,20180822,level_fail,126,34
per_shard_per_event,20180830,use_extra_steps,126,36
per_shard_per_event,20180913,level_fail,126,34
per_shard_per_event,20180614,level_fail,125,28
per_shard_per_event,20180624,spend_virtual_currency,125,18
per_shard_per_event,20180728,spend_virtual_currency,125,39
per_shard_per_event,20180823,level_reset,125,28
per_shard_per_event,20180823,spend_virtual_currency,125,28
per_shard_per_event,20181003,spend_virtual_currency,125,32
per_shard_per_event,20180823,use_extra_steps,124,27
per_shard_per_event,20180824,use_extra_steps,124,42
per_shard_per_event,20180908,level_reset,124,31
per_shard_per_event,20180614,app_exception,123,16
per_shard_per_event,20180726,level_reset,123,28
per_shard_per_event,20180927,level_up,123,33
per_shard_per_event,20180624,use_extra_steps,121,16
per_shard_per_event,20180809,spend_virtual_currency,121,29
per_shard_per_event,20180908,level_fail,121,42
per_shard_per_event,20180923,level_fail,121,33
per_shard_per_event,20180703,level_fail,120,42
per_shard_per_event,20180803,spend_virtual_currency,120,37
per_shard_per_event,20180927,level_complete,120,31
per_shard_per_event,20181003,use_extra_steps,120,31
per_shard_per_event,20180809,use_extra_steps,119,27
per_shard_per_event,20180825,spend_virtual_currency,119,40
per_shard_per_event,20180915,level_fail,119,29
per_shard_per_event,20180718,spend_virtual_currency,118,28
per_shard_per_event,20180806,spend_virtual_currency,118,38
per_shard_per_event,20180814,spend_virtual_currency,118,28
per_shard_per_event,20180825,use_extra_steps,118,39
per_shard_per_event,20180909,level_fail,118,36
per_shard_per_event,20180912,level_fail,118,37
per_shard_per_event,20180804,firebase_campaign,117,59
per_shard_per_event,20180806,use_extra_steps,117,37
per_shard_per_event,20180814,use_extra_steps,117,27
per_shard_per_event,20180707,app_exception,116,22
per_shard_per_event,20180821,level_fail,116,34
per_shard_per_event,20180911,app_exception,116,11
per_shard_per_event,20180920,level_retry,116,32
per_shard_per_event,20180624,level_fail,115,35
per_shard_per_event,20180716,level_reset,115,20
per_shard_per_event,20180620,level_fail,114,28
per_shard_per_event,20180826,level_up,114,35
per_shard_per_event,20180907,level_fail,114,28
per_shard_per_event,20180928,spend_virtual_currency,114,34
per_shard_per_event,20180928,use_extra_steps,114,34
per_shard_per_event,20180622,level_fail,112,42
per_shard_per_event,20180713,spend_virtual_currency,112,30
per_shard_per_event,20180718,use_extra_steps,112,24
per_shard_per_event,20180730,level_reset,112,28
per_shard_per_event,20180818,spend_virtual_currency,112,32
per_shard_per_event,20180826,level_complete,112,34
per_shard_per_event,20180818,use_extra_steps,111,31
per_shard_per_event,20180827,spend_virtual_currency,111,27
per_shard_per_event,20180803,level_reset,110,20
per_shard_per_event,20180825,level_fail,110,34
per_shard_per_event,20180905,spend_virtual_currency,110,32
per_shard_per_event,20180905,use_extra_steps,110,32
per_shard_per_event,20180930,spend_virtual_currency,110,31
per_shard_per_event,20180613,level_fail,109,34
per_shard_per_event,20180629,level_fail,109,37
per_shard_per_event,20180812,spend_virtual_currency,108,34
per_shard_per_event,20180821,spend_virtual_currency,108,36
per_shard_per_event,20180827,use_extra_steps,108,26
per_shard_per_event,20180728,level_reset,107,31
per_shard_per_event,20180821,use_extra_steps,107,35
per_shard_per_event,20180930,use_extra_steps,107,29
per_shard_per_event,20180625,select_content,105,34
per_shard_per_event,20180712,spend_virtual_currency,105,26
per_shard_per_event,20180720,level_reset,105,34
per_shard_per_event,20180812,use_extra_steps,105,33
per_shard_per_event,20180908,spend_virtual_currency,105,40
per_shard_per_event,20180908,use_extra_steps,104,39
per_shard_per_event,20180616,level_fail,103,27
per_shard_per_event,20180710,level_reset,102,19
per_shard_per_event,20180806,level_reset,101,33
per_shard_per_event,20180707,spend_virtual_currency,100,29
per_shard_per_event,20180822,spend_virtual_currency,100,26
per_shard_per_event,20180822,use_extra_steps,100,26
per_shard_per_event,20180714,app_exception,99,22
per_shard_per_event,20180621,spend_virtual_currency,98,27
per_shard_per_event,20180709,spend_virtual_currency,98,31
per_shard_per_event,20180731,level_reset,98,33
per_shard_per_event,20180808,spend_virtual_currency,98,33
per_shard_per_event,20180808,use_extra_steps,98,33
per_shard_per_event,20180813,spend_virtual_currency,98,32
per_shard_per_event,20180813,use_extra_steps,98,32
per_shard_per_event,20180901,spend_virtual_currency,98,36
per_shard_per_event,20181001,level_fail,98,28
per_shard_per_event,20180730,firebase_campaign,97,50
per_shard_per_event,20180809,app_exception,97,20
per_shard_per_event,20180903,level_fail,97,31
per_shard_per_event,20180914,level_reset,97,30
per_shard_per_event,20180612,level_fail,96,23
per_shard_per_event,20180721,spend_virtual_currency,96,32
per_shard_per_event,20180805,firebase_campaign,96,48
per_shard_per_event,20180811,spend_virtual_currency,96,32
per_shard_per_event,20180909,spend_virtual_currency,96,32
per_shard_per_event,20180909,use_extra_steps,96,32
per_shard_per_event,20180720,spend_virtual_currency,95,30
per_shard_per_event,20180727,level_reset,95,27
per_shard_per_event,20180901,use_extra_steps,95,33
per_shard_per_event,20180929,spend_virtual_currency,95,37
per_shard_per_event,20180705,level_reset,94,17
per_shard_per_event,20180718,level_reset,94,28
per_shard_per_event,20180724,app_exception,94,18
per_shard_per_event,20180728,use_extra_steps,94,35
per_shard_per_event,20180803,firebase_campaign,94,47
per_shard_per_event,20180811,use_extra_steps,94,31
per_shard_per_event,20180916,spend_virtual_currency,94,25
per_shard_per_event,20180926,spend_virtual_currency,94,32
per_shard_per_event,20180804,spend_virtual_currency,93,41
per_shard_per_event,20180804,use_extra_steps,93,41
per_shard_per_event,20180810,level_reset,93,29
per_shard_per_event,20180831,spend_virtual_currency,93,28
per_shard_per_event,20180926,use_extra_steps,93,31
per_shard_per_event,20180929,use_extra_steps,93,35
per_shard_per_event,20180726,spend_virtual_currency,92,32
per_shard_per_event,20180916,level_fail,92,26
per_shard_per_event,20180726,use_extra_steps,91,31
per_shard_per_event,20180801,level_reset,91,21
per_shard_per_event,20180802,firebase_campaign,91,46
per_shard_per_event,20180815,level_fail,91,34
per_shard_per_event,20180907,spend_virtual_currency,91,33
per_shard_per_event,20180907,use_extra_steps,91,33
per_shard_per_event,20180912,spend_virtual_currency,91,28
per_shard_per_event,20180720,use_extra_steps,90,26
per_shard_per_event,20180731,firebase_campaign,90,45
per_shard_per_event,20180807,spend_virtual_currency,90,33
per_shard_per_event,20180821,level_reset,90,23
per_shard_per_event,20180831,use_extra_steps,90,26
per_shard_per_event,20180902,spend_virtual_currency,90,28
per_shard_per_event,20180630,level_reset,89,32
per_shard_per_event,20180630,use_extra_steps,89,32
per_shard_per_event,20180709,level_reset,89,20
per_shard_per_event,20180730,spend_virtual_currency,89,38
per_shard_per_event,20181002,spend_virtual_currency,89,27
per_shard_per_event,20181003,level_fail,89,15
per_shard_per_event,20180709,use_extra_steps,88,26
per_shard_per_event,20180730,use_extra_steps,88,37
per_shard_per_event,20180807,use_extra_steps,88,32
per_shard_per_event,20180824,level_fail,88,31
per_shard_per_event,20180916,use_extra_steps,88,23
per_shard_per_event,20181002,use_extra_steps,88,26
per_shard_per_event,20180731,spend_virtual_currency,87,32
per_shard_per_event,20180731,use_extra_steps,87,32
per_shard_per_event,20180927,level_fail,87,24
per_shard_per_event,20181001,spend_virtual_currency,87,25
per_shard_per_event,20180707,level_fail,86,34
per_shard_per_event,20180802,level_fail,86,27
per_shard_per_event,20180803,use_extra_steps,86,33
per_shard_per_event,20180904,level_reset,86,25
per_shard_per_event,20180910,spend_virtual_currency,86,29
per_shard_per_event,20180910,use_extra_steps,86,29
per_shard_per_event,20180921,level_retry,86,25
per_shard_per_event,20180924,level_reset,86,23
per_shard_per_event,20180623,spend_virtual_currency,85,25
per_shard_per_event,20180702,spend_virtual_currency,85,26
per_shard_per_event,20180719,spend_virtual_currency,85,13
per_shard_per_event,20180721,use_extra_steps,85,27
per_shard_per_event,20180820,spend_virtual_currency,85,25
per_shard_per_event,20180928,level_reset,85,27
per_shard_per_event,20180930,level_reset,85,20
per_shard_per_event,20180618,use_extra_steps,84,29
per_shard_per_event,20180619,use_extra_steps,84,32
per_shard_per_event,20180621,level_reset,84,25
per_shard_per_event,20180721,level_reset,84,28
per_shard_per_event,20180910,level_reset,84,22
per_shard_per_event,20180918,level_fail,84,20
per_shard_per_event,20180922,spend_virtual_currency,84,26
per_shard_per_event,20180922,use_extra_steps,84,26
per_shard_per_event,20180617,level_reset,83,18
per_shard_per_event,20180703,spend_virtual_currency,83,33
per_shard_per_event,20180723,spend_virtual_currency,83,26
per_shard_per_event,20180812,level_reset,83,19
per_shard_per_event,20180820,use_extra_steps,83,24
per_shard_per_event,20180902,use_extra_steps,83,26
per_shard_per_event,20180701,select_content,82,31
per_shard_per_event,20180715,spend_virtual_currency,82,26
per_shard_per_event,20180813,level_reset,82,24
per_shard_per_event,20180822,level_reset,82,22
per_shard_per_event,20180912,use_extra_steps,82,26
per_shard_per_event,20180621,use_extra_steps,81,20
per_shard_per_event,20180626,use_extra_steps,81,34
per_shard_per_event,20180712,use_extra_steps,81,21
per_shard_per_event,20180713,use_extra_steps,81,21
per_shard_per_event,20180723,use_extra_steps,81,25
per_shard_per_event,20180724,spend_virtual_currency,81,26
per_shard_per_event,20180729,level_reset,81,24
per_shard_per_event,20180801,firebase_campaign,81,40
per_shard_per_event,20180810,spend_virtual_currency,81,25
per_shard_per_event,20180810,use_extra_steps,81,25
per_shard_per_event,20180622,spend_virtual_currency,80,24
per_shard_per_event,20180727,spend_virtual_currency,80,31
per_shard_per_event,20180727,use_extra_steps,80,31
per_shard_per_event,20180828,level_fail,80,27
per_shard_per_event,20180828,spend_virtual_currency,80,24
per_shard_per_event,20180828,use_extra_steps,80,24
per_shard_per_event,20180614,level_reset,79,17
per_shard_per_event,20180719,use_extra_steps,79,10
per_shard_per_event,20180724,use_extra_steps,79,24
per_shard_per_event,20180729,spend_virtual_currency,79,27
per_shard_per_event,20180916,level_retry_quickplay,79,44
per_shard_per_event,20181001,use_extra_steps,79,22
per_shard_per_event,20180614,spend_virtual_currency,78,33
per_shard_per_event,20180717,level_reset,78,14
per_shard_per_event,20180808,firebase_campaign,78,38
per_shard_per_event,20180920,spend_virtual_currency,78,17
per_shard_per_event,20180625,level_reset,77,29
per_shard_per_event,20180630,os_update,77,77
per_shard_per_event,20180707,use_extra_steps,77,21
per_shard_per_event,20180720,firebase_campaign,77,38
per_shard_per_event,20180816,level_reset,77,19
per_shard_per_event,20180906,level_fail,77,24
per_shard_per_event,20181002,level_fail,77,28
per_shard_per_event,20180722,spend_virtual_currency,76,34
per_shard_per_event,20180808,level_reset,76,30
per_shard_per_event,20180811,level_reset,76,25
per_shard_per_event,20180906,spend_virtual_currency,76,31
per_shard_per_event,20180921,level_fail,76,23
per_shard_per_event,20180824,level_reset,75,23
per_shard_per_event,20180902,level_retry,75,26
per_shard_per_event,20180906,use_extra_steps,75,30
per_shard_per_event,20180818,level_reset,74,21
per_shard_per_event,20180829,level_fail,74,21
per_shard_per_event,20180613,os_update,73,73
per_shard_per_event,20180625,os_update,73,73
per_shard_per_event,20180705,spend_virtual_currency,73,24
per_shard_per_event,20180728,firebase_campaign,73,37
per_shard_per_event,20180805,spend_virtual_currency,73,26
per_shard_per_event,20180805,use_extra_steps,73,26
per_shard_per_event,20180815,spend_virtual_currency,73,17
per_shard_per_event,20180831,app_exception,73,28
per_shard_per_event,20180903,spend_virtual_currency,73,26
per_shard_per_event,20180702,level_reset,72,21
per_shard_per_event,20180706,spend_virtual_currency,72,32
per_shard_per_event,20180710,firebase_campaign,72,36
per_shard_per_event,20180711,firebase_campaign,72,36
per_shard_per_event,20180724,level_reset,72,22
per_shard_per_event,20180815,use_extra_steps,72,16
per_shard_per_event,20180816,spend_virtual_currency,72,25
per_shard_per_event,20180816,use_extra_steps,72,25
per_shard_per_event,20180903,firebase_campaign,72,36
per_shard_per_event,20180903,use_extra_steps,72,25
per_shard_per_event,20180912,app_exception,72,25
per_shard_per_event,20180625,use_extra_steps,71,27
per_shard_per_event,20180721,app_update,71,71
per_shard_per_event,20180725,firebase_campaign,71,27
per_shard_per_event,20180804,first_open,71,71
per_shard_per_event,20180805,app_exception,71,17
per_shard_per_event,20180807,firebase_campaign,71,36
per_shard_per_event,20180815,app_exception,71,20
per_shard_per_event,20180624,level_reset,70,25
per_shard_per_event,20180626,os_update,70,70
per_shard_per_event,20180701,os_update,70,70
per_shard_per_event,20180713,level_reset,70,21
per_shard_per_event,20180826,spend_virtual_currency,70,26
per_shard_per_event,20180922,level_reset,70,21
per_shard_per_event,20180619,app_exception,69,13
per_shard_per_event,20180630,select_content,69,33
per_shard_per_event,20180707,level_reset,69,18
per_shard_per_event,20180716,spend_virtual_currency,69,25
per_shard_per_event,20180722,use_extra_steps,69,30
per_shard_per_event,20180723,level_reset,69,23
per_shard_per_event,20180726,firebase_campaign,69,35
per_shard_per_event,20180802,level_reset,69,22
per_shard_per_event,20180819,spend_virtual_currency,69,25
per_shard_per_event,20180911,spend_virtual_currency,69,25
per_shard_per_event,20180617,spend_virtual_currency,68,25
per_shard_per_event,20180701,level_reset,68,32
per_shard_per_event,20180727,firebase_campaign,68,34
per_shard_per_event,20180806,firebase_campaign,68,34
per_shard_per_event,20180812,firebase_campaign,68,34
per_shard_per_event,20180911,use_extra_steps,68,24
per_shard_per_event,20181003,first_open,68,68
per_shard_per_event,20180628,use_extra_steps,67,25
per_shard_per_event,20180701,use_extra_steps,67,24
per_shard_per_event,20180717,app_exception,67,15
per_shard_per_event,20180819,use_extra_steps,67,24
per_shard_per_event,20180905,firebase_campaign,67,33
per_shard_per_event,20180912,level_reset,67,22
per_shard_per_event,20180913,spend_virtual_currency,67,23
per_shard_per_event,20180919,spend_virtual_currency,67,19
per_shard_per_event,20180929,app_exception,67,24
per_shard_per_event,20180704,spend_virtual_currency,66,28
per_shard_per_event,20180711,level_reset,66,24
per_shard_per_event,20180803,first_open,66,66
per_shard_per_event,20180809,level_reset,66,28
per_shard_per_event,20180826,use_extra_steps,66,25
per_shard_per_event,20180827,firebase_campaign,66,32
per_shard_per_event,20180615,spend_virtual_currency,65,28
per_shard_per_event,20180620,level_reset,65,18
per_shard_per_event,20180715,use_extra_steps,65,18
per_shard_per_event,20180721,app_exception,65,12
per_shard_per_event,20180729,use_extra_steps,65,24
per_shard_per_event,20180809,firebase_campaign,65,33
per_shard_per_event,20180908,first_open,65,65
per_shard_per_event,20180913,use_extra_steps,65,22
per_shard_per_event,20180919,use_extra_steps,65,17
per_shard_per_event,20180612,spend_virtual_currency,64,22
per_shard_per_event,20180621,firebase_campaign,64,32
per_shard_per_event,20180703,firebase_campaign,64,32
per_shard_per_event,20180720,app_exception,64,15
per_shard_per_event,20180720,app_update,64,64
per_shard_per_event,20180723,app_exception,64,19
per_shard_per_event,20180725,app_exception,64,19
per_shard_per_event,20180801,spend_virtual_currency,64,31
per_shard_per_event,20180802,spend_virtual_currency,64,29
per_shard_per_event,20180805,first_open,64,64
per_shard_per_event,20180807,level_reset,64,19
per_shard_per_event,20180816,app_exception,64,22
per_shard_per_event,20180822,app_exception,64,22
per_shard_per_event,20180829,spend_virtual_currency,64,20
per_shard_per_event,20180831,level_reset,64,23
per_shard_per_event,20180901,first_open,64,64
per_shard_per_event,20180930,app_exception,64,25
per_shard_per_event,20180711,spend_virtual_currency,63,24
per_shard_per_event,20180719,level_fail,63,23
per_shard_per_event,20180802,use_extra_steps,63,28
per_shard_per_event,20180919,level_fail,63,26
per_shard_per_event,20181003,firebase_campaign,63,32
per_shard_per_event,20180620,app_exception,62,14
per_shard_per_event,20180629,spend_virtual_currency,62,27
per_shard_per_event,20180714,firebase_campaign,62,31
per_shard_per_event,20180714,no_more_extra_steps,62,26
per_shard_per_event,20180801,use_extra_steps,62,30
per_shard_per_event,20180813,firebase_campaign,62,31
per_shard_per_event,20180905,level_reset,62,20
per_shard_per_event,20180913,firebase_campaign,62,31
per_shard_per_event,20180913,level_reset,62,20
per_shard_per_event,20180915,spend_virtual_currency,62,27
per_shard_per_event,20180925,spend_virtual_currency,62,25
per_shard_per_event,20180703,use_extra_steps,61,25
per_shard_per_event,20180706,level_reset,61,18
per_shard_per_event,20180802,first_open,61,61
per_shard_per_event,20180911,level_reset,61,18
per_shard_per_event,20180614,os_update,60,60
per_shard_per_event,20180713,firebase_campaign,60,30
per_shard_per_event,20180715,level_reset,60,16
per_shard_per_event,20180827,level_reset,60,18
per_shard_per_event,20180920,level_fail,60,28
per_shard_per_event,20180920,level_reset,60,13
per_shard_per_event,20181002,first_open,60,60
per_shard_per_event,20180613,app_exception,59,15
per_shard_per_event,20180624,ad_reward,59,6
per_shard_per_event,20180624,no_more_extra_steps,59,6
per_shard_per_event,20180706,use_extra_steps,59,25
per_shard_per_event,20180826,level_fail,59,20
per_shard_per_event,20180828,app_exception,59,15
per_shard_per_event,20180829,use_extra_steps,59,17
per_shard_per_event,20180909,first_open,59,59
per_shard_per_event,20180909,level_reset,59,16
per_shard_per_event,20180915,use_extra_steps,59,25
per_shard_per_event,20180922,app_exception,59,19
per_shard_per_event,20180612,app_exception,58,9
per_shard_per_event,20180619,os_update,58,58
per_shard_per_event,20180712,firebase_campaign,58,29
per_shard_per_event,20180716,use_extra_steps,58,18
per_shard_per_event,20180722,level_reset,58,18
per_shard_per_event,20180829,app_exception,58,23
per_shard_per_event,20180912,firebase_campaign,58,29
per_shard_per_event,20180916,no_more_extra_steps,58,16
per_shard_per_event,20180927,os_update,58,58
per_shard_per_event,20181001,firebase_campaign,58,29
per_shard_per_event,20180708,spend_virtual_currency,57,21
per_shard_per_event,20180710,spend_virtual_currency,57,20
per_shard_per_event,20180731,first_open,57,57
per_shard_per_event,20180903,level_reset,57,18
per_shard_per_event,20180612,os_update,56,56
per_shard_per_event,20180618,os_update,56,56
per_shard_per_event,20180628,ad_reward,56,21
per_shard_per_event,20180629,firebase_campaign,56,28
per_shard_per_event,20180716,firebase_campaign,56,28
per_shard_per_event,20180730,first_open,56,56
per_shard_per_event,20180819,firebase_campaign,56,28
per_shard_per_event,20180907,first_open,56,56
per_shard_per_event,20180925,use_extra_steps,56,22
per_shard_per_event,20180928,firebase_campaign,56,28
per_shard_per_event,20180702,use_extra_steps,55,19
per_shard_per_event,20180820,app_exception,55,23
per_shard_per_event,20180830,firebase_campaign,55,28
per_shard_per_event,20180905,first_open,55,55
per_shard_per_event,20180924,spend_virtual_currency,55,29
per_shard_per_event,20180924,use_extra_steps,55,29
per_shard_per_event,20180620,firebase_campaign,54,27
per_shard_per_event,20180702,app_exception,54,24
per_shard_per_event,20180709,firebase_campaign,54,27
per_shard_per_event,20180718,firebase_campaign,54,27
per_shard_per_event,20180722,firebase_campaign,54,27
per_shard_per_event,20180801,first_open,54,54
per_shard_per_event,20180808,app_exception,54,26
per_shard_per_event,20180812,first_open,54,54
per_shard_per_event,20180814,firebase_campaign,54,28
per_shard_per_event,20180825,level_reset,54,24
per_shard_per_event,20180901,firebase_campaign,54,27
per_shard_per_event,20180904,spend_virtual_currency,54,26
per_shard_per_event,20180904,use_extra_steps,54,26
per_shard_per_event,20180910,firebase_campaign,54,27
per_shard_per_event,20180910,first_open,54,54
per_shard_per_event,20180923,os_update,54,54
per_shard_per_event,20180924,first_open,54,54
per_shard_per_event,20180615,os_update,53,53
per_shard_per_event,20180618,ad_reward,53,25
per_shard_per_event,20180628,os_update,53,53
per_shard_per_event,20180711,use_extra_steps,53,20
per_shard_per_event,20180719,app_update,53,53
per_shard_per_event,20180902,first_open,53,53
per_shard_per_event,20180616,os_update,52,50
per_shard_per_event,20180619,app_remove,52,52
per_shard_per_event,20180625,app_update,52,52
per_shard_per_event,20180701,app_update,52,52
per_shard_per_event,20180721,firebase_campaign,52,26
per_shard_per_event,20180809,first_open,52,52
per_shard_per_event,20181002,firebase_campaign,52,26
per_shard_per_event,20180627,level_reset,51,18
per_shard_per_event,20180705,firebase_campaign,51,25
per_shard_per_event,20180722,app_exception,51,8
per_shard_per_event,20180808,first_open,51,51
per_shard_per_event,20180812,app_exception,51,18
per_shard_per_event,20180820,level_reset,51,22
per_shard_per_event,20180824,firebase_campaign,51,25
per_shard_per_event,20180914,firebase_campaign,51,26
per_shard_per_event,20180916,ad_reward,51,7
per_shard_per_event,20180917,spend_virtual_currency,51,24
per_shard_per_event,20180920,use_extra_steps,51,14
per_shard_per_event,20180926,first_open,51,51
per_shard_per_event,20180622,firebase_campaign,50,26
per_shard_per_event,20180622,use_extra_steps,50,18
per_shard_per_event,20180629,use_extra_steps,50,20
per_shard_per_event,20180703,app_exception,50,20
per_shard_per_event,20180712,app_exception,50,23
per_shard_per_event,20180718,app_exception,50,14
per_shard_per_event,20180722,app_update,50,50
per_shard_per_event,20180807,first_open,50,50
per_shard_per_event,20180814,level_reset,50,18
per_shard_per_event,20180821,firebase_campaign,50,25
per_shard_per_event,20180830,level_reset,50,20
per_shard_per_event,20180906,first_open,50,50
per_shard_per_event,20180913,app_exception,50,15
per_shard_per_event,20180918,spend_virtual_currency,50,24
per_shard_per_event,20180924,firebase_campaign,50,25
per_shard_per_event,20180616,spend_virtual_currency,49,23
per_shard_per_event,20180617,os_update,49,49
per_shard_per_event,20180623,use_extra_steps,49,19
per_shard_per_event,20180913,first_open,49,49
per_shard_per_event,20180917,use_extra_steps,49,23
per_shard_per_event,20180918,use_extra_steps,49,23
per_shard_per_event,20180929,firebase_campaign,49,26
per_shard_per_event,20180612,level_reset,48,13
per_shard_per_event,20180621,app_exception,48,16
per_shard_per_event,20180622,level_reset,48,21
per_shard_per_event,20180624,firebase_campaign,48,24
per_shard_per_event,20180705,use_extra_steps,48,17
per_shard_per_event,20180711,first_open,48,48
per_shard_per_event,20180811,firebase_campaign,48,24
per_shard_per_event,20180817,firebase_campaign,48,24
per_shard_per_event,20180825,firebase_campaign,48,24
per_shard_per_event,20180828,firebase_campaign,48,24
per_shard_per_event,20180829,level_reset,48,13
per_shard_per_event,20180830,app_exception,48,24
per_shard_per_event,20180906,firebase_campaign,48,22
per_shard_per_event,20180909,firebase_campaign,48,24
per_shard_per_event,20180918,level_reset,48,14
per_shard_per_event,20180921,spend_virtual_currency,48,23
per_shard_per_event,20180627,spend_virtual_currency,47,22
per_shard_per_event,20180630,app_update,47,47
per_shard_per_event,20180717,spend_virtual_currency,47,28
per_shard_per_event,20180728,first_open,47,47
per_shard_per_event,20180731,app_exception,47,12
per_shard_per_event,20180911,first_open,47,47
per_shard_per_event,20180912,first_open,47,47
per_shard_per_event,20180918,os_update,47,47
per_shard_per_event,20180922,first_open,47,47
per_shard_per_event,20180620,spend_virtual_currency,46,16
per_shard_per_event,20180625,no_more_extra_steps,46,29
per_shard_per_event,20180629,level_reset,46,18
per_shard_per_event,20180630,no_more_extra_steps,46,28
per_shard_per_event,20180705,app_exception,46,17
per_shard_per_event,20180713,app_exception,46,32
per_shard_per_event,20180714,level_reset,46,17
per_shard_per_event,20180723,firebase_campaign,46,23
per_shard_per_event,20180727,first_open,46,46
per_shard_per_event,20180804,app_remove,46,46
per_shard_per_event,20180827,first_open,46,46
per_shard_per_event,20180906,level_reset,46,18
per_shard_per_event,20180907,level_reset,46,20
per_shard_per_event,20180915,first_open,46,46
per_shard_per_event,20180921,use_extra_steps,46,21
per_shard_per_event,20180926,level_reset,46,16
per_shard_per_event,20180929,first_open,46,46
per_shard_per_event,20180613,spend_virtual_currency,45,31
per_shard_per_event,20180626,app_update,45,45
per_shard_per_event,20180704,firebase_campaign,45,23
per_shard_per_event,20180708,level_reset,45,13
per_shard_per_event,20180720,first_open,45,45
per_shard_per_event,20180831,firebase_campaign,45,22
per_shard_per_event,20180904,first_open,45,45
per_shard_per_event,20180922,firebase_campaign,45,22
per_shard_per_event,20180626,no_more_extra_steps,44,26
per_shard_per_event,20180627,firebase_campaign,44,22
per_shard_per_event,20180710,use_extra_steps,44,13
per_shard_per_event,20180810,firebase_campaign,44,22
per_shard_per_event,20180901,app_remove,44,43
per_shard_per_event,20180903,first_open,44,44
per_shard_per_event,20180915,level_reset,44,13
per_shard_per_event,20180916,level_reset,44,12
per_shard_per_event,20180921,os_update,44,44
per_shard_per_event,20180930,firebase_campaign,44,22
per_shard_per_event,20181002,level_reset,44,19
per_shard_per_event,20180703,level_reset,43,21
per_shard_per_event,20180708,use_extra_steps,43,17
per_shard_per_event,20180714,first_open,43,43
per_shard_per_event,20180721,first_open,43,43
per_shard_per_event,20180909,error,43,16
per_shard_per_event,20180914,no_more_extra_steps,43,17
per_shard_per_event,20180915,firebase_campaign,43,22
per_shard_per_event,20180916,app_exception,43,11
per_shard_per_event,20180923,level_reset,43,15
per_shard_per_event,20180928,first_open,43,43
per_shard_per_event,20181001,level_reset,43,19
per_shard_per_event,20180623,firebase_campaign,42,21
per_shard_per_event,20180628,no_more_extra_steps,42,24
per_shard_per_event,20180629,first_open,42,42
per_shard_per_event,20180714,ad_reward,42,10
per_shard_per_event,20180806,first_open,42,42
per_shard_per_event,20180817,no_more_extra_steps,42,16
per_shard_per_event,20180818,os_update,42,40
per_shard_per_event,20180823,firebase_campaign,42,21
per_shard_per_event,20180831,first_open,42,42
per_shard_per_event,20180908,firebase_campaign,42,21
per_shard_per_event,20180925,os_update,42,42
per_shard_per_event,20180614,firebase_campaign,41,21
per_shard_per_event,20180628,app_update,41,41
per_shard_per_event,20180712,first_open,41,41
per_shard_per_event,20180725,level_reset,41,14
per_shard_per_event,20180818,first_open,41,41
per_shard_per_event,20180819,first_open,41,41
per_shard_per_event,20180821,first_open,41,41
per_shard_per_event,20180824,app_exception,41,20
per_shard_per_event,20180829,firebase_campaign,41,21
per_shard_per_event,20180614,first_open,40,40
per_shard_per_event,20180701,no_more_extra_steps,40,23
per_shard_per_event,20180703,first_open,40,40
per_shard_per_event,20180706,app_exception,40,21
per_shard_per_event,20180707,firebase_campaign,40,20
per_shard_per_event,20180708,firebase_campaign,40,20
per_shard_per_event,20180712,no_more_extra_steps,40,14
per_shard_per_event,20180721,os_update,40,40
per_shard_per_event,20180726,first_open,40,40
per_shard_per_event,20180801,app_exception,40,19
per_shard_per_event,20180813,app_exception,40,28
per_shard_per_event,20180818,app_exception,40,25
per_shard_per_event,20180820,firebase_campaign,40,21
per_shard_per_event,20180822,firebase_campaign,40,20
per_shard_per_event,20180824,first_open,40,40
per_shard_per_event,20180923,app_update,40,40
per_shard_per_event,20180930,os_update,40,40
per_shard_per_event,20181001,first_open,40,40
per_shard_per_event,20180614,use_extra_steps,39,16
per_shard_per_event,20180811,app_exception,39,22
per_shard_per_event,20180816,firebase_campaign,39,20
per_shard_per_event,20180830,first_open,39,39
per_shard_per_event,20180904,firebase_campaign,39,20
per_shard_per_event,20180914,first_open,39,39
per_shard_per_event,20180917,firebase_campaign,39,19
per_shard_per_event,20180923,spend_virtual_currency,39,15
per_shard_per_event,20180926,firebase_campaign,39,19
per_shard_per_event,20180613,app_update,38,38
per_shard_per_event,20180621,first_open,38,38
per_shard_per_event,20180629,app_exception,38,18
per_shard_per_event,20180702,firebase_campaign,38,19
per_shard_per_event,20180704,level_reset,38,16
per_shard_per_event,20180715,firebase_campaign,38,19
per_shard_per_event,20180716,first_open,38,38
per_shard_per_event,20180731,app_remove,38,38
per_shard_per_event,20180804,app_exception,38,21
per_shard_per_event,20180814,first_open,38,38
per_shard_per_event,20180818,no_more_extra_steps,38,20
per_shard_per_event,20180823,no_more_extra_steps,38,16
per_shard_per_event,20180907,app_exception,38,11
per_shard_per_event,20180911,firebase_campaign,38,19
per_shard_per_event,20180914,ad_reward,38,11
per_shard_per_event,20180923,first_open,38,38
per_shard_per_event,20180930,first_open,38,38
per_shard_per_event,20180615,use_extra_steps,37,17
per_shard_per_event,20180616,level_reset,37,14
per_shard_per_event,20180619,app_update,37,37
per_shard_per_event,20180629,os_update,37,37
per_shard_per_event,20180704,use_extra_steps,37,18
per_shard_per_event,20180708,app_exception,37,12
per_shard_per_event,20180710,first_open,37,37
per_shard_per_event,20180712,ad_reward,37,13
per_shard_per_event,20180713,no_more_extra_steps,37,19
per_shard_per_event,20180810,app_exception,37,16
per_shard_per_event,20180812,app_remove,37,37
per_shard_per_event,20180902,level_reset,37,15
per_shard_per_event,20180903,app_exception,37,21
per_shard_per_event,20180916,first_open,37,37
per_shard_per_event,20180921,first_open,37,37
per_shard_per_event,20180927,spend_virtual_currency,37,17
per_shard_per_event,20180927,use_extra_steps,37,17
per_shard_per_event,20180612,app_update,36,36
per_shard_per_event,20180622,first_open,36,36
per_shard_per_event,20180628,app_remove,36,36
per_shard_per_event,20180706,firebase_campaign,36,17
per_shard_per_event,20180710,app_exception,36,20
per_shard_per_event,20180716,app_exception,36,11
per_shard_per_event,20180717,use_extra_steps,36,19
per_shard_per_event,20180722,first_open,36,36
per_shard_per_event,20180723,first_open,36,36
per_shard_per_event,20180813,first_open,36,36
per_shard_per_event,20180817,ad_reward,36,13
per_shard_per_event,20180817,app_exception,36,18
per_shard_per_event,20180821,app_exception,36,12
per_shard_per_event,20180822,app_remove,36,36
per_shard_per_event,20180914,app_exception,36,24
per_shard_per_event,20180922,os_update,36,36
per_shard_per_event,20180614,app_update,35,35
per_shard_per_event,20180618,app_remove,35,35
per_shard_per_event,20180717,firebase_campaign,35,18
per_shard_per_event,20180718,no_more_extra_steps,35,16
per_shard_per_event,20180719,app_exception,35,12
per_shard_per_event,20180719,level_reset,35,17
per_shard_per_event,20180724,app_update,35,35
per_shard_per_event,20180729,app_update,35,35
per_shard_per_event,20180802,app_remove,35,35
per_shard_per_event,20180803,no_more_extra_steps,35,26
per_shard_per_event,20180805,app_remove,35,35
per_shard_per_event,20180820,first_open,35,35
per_shard_per_event,20180825,first_open,35,35
per_shard_per_event,20180831,app_remove,35,35
per_shard_per_event,20180902,app_exception,35,11
per_shard_per_event,20180917,first_open,35,35
per_shard_per_event,20180919,os_update,35,35
per_shard_per_event,20180928,no_more_extra_steps,35,18
per_shard_per_event,20180615,level_reset,34,15
per_shard_per_event,20180620,first_open,34,34
per_shard_per_event,20180625,ad_reward,34,16
per_shard_per_event,20180625,app_remove,34,34
per_shard_per_event,20180705,first_open,34,34
per_shard_per_event,20180709,first_open,34,34
per_shard_per_event,20180718,first_open,34,34
per_shard_per_event,20180725,no_more_extra_steps,34,18
per_shard_per_event,20180727,app_exception,34,16
per_shard_per_event,20180730,app_remove,34,34
per_shard_per_event,20180803,app_update,34,34
per_shard_per_event,20180902,level_fail,34,15
per_shard_per_event,20180905,app_exception,34,21
per_shard_per_event,20180909,app_exception,34,17
per_shard_per_event,20180916,error,34,21
per_shard_per_event,20180919,first_open,34,34
per_shard_per_event,20180925,first_open,34,34
per_shard_per_event,20180925,level_reset,34,15
per_shard_per_event,20180928,os_update,34,34
per_shard_per_event,20180930,no_more_extra_steps,34,15
per_shard_per_event,20180613,level_reset,33,17
per_shard_per_event,20180615,app_update,33,33
per_shard_per_event,20180615,first_open,33,33
per_shard_per_event,20180626,ad_reward,33,14
per_shard_per_event,20180704,app_exception,33,22
per_shard_per_event,20180713,first_open,33,33
per_shard_per_event,20180714,app_remove,33,32
per_shard_per_event,20180725,os_update,33,33
per_shard_per_event,20180728,app_exception,33,15
per_shard_per_event,20180728,app_remove,33,32
per_shard_per_event,20180729,os_update,33,33
per_shard_per_event,20180804,app_update,33,33
per_shard_per_event,20180806,no_more_extra_steps,33,20
per_shard_per_event,20180811,first_open,33,33
per_shard_per_event,20180813,no_more_extra_steps,33,19
per_shard_per_event,20180815,level_reset,33,17
per_shard_per_event,20180817,first_open,33,33
per_shard_per_event,20180819,app_exception,33,20
per_shard_per_event,20180822,first_open,33,33
per_shard_per_event,20180826,level_reset,33,13
per_shard_per_event,20180830,no_more_extra_steps,33,17
per_shard_per_event,20180912,app_remove,33,33
per_shard_per_event,20180920,os_update,33,33
per_shard_per_event,20180923,use_extra_steps,33,13
per_shard_per_event,20180929,os_update,33,33
per_shard_per_event,20180620,use_extra_steps,32,9
per_shard_per_event,20180621,app_remove,32,32
per_shard_per_event,20180621,no_more_extra_steps,32,13
per_shard_per_event,20180622,app_remove,32,32
per_shard_per_event,20180623,first_open,32,32
per_shard_per_event,20180624,app_exception,32,18
per_shard_per_event,20180624,first_open,32,31
per_shard_per_event,20180701,app_remove,32,32
per_shard_per_event,20180724,firebase_campaign,32,16
per_shard_per_event,20180725,first_open,32,32
per_shard_per_event,20180728,app_update,32,32
per_shard_per_event,20180728,no_more_extra_steps,32,24
per_shard_per_event,20180730,completed_5_levels,32,31
per_shard_per_event,20180806,app_remove,32,31
per_shard_per_event,20180807,app_exception,32,20
per_shard_per_event,20180814,no_more_extra_steps,32,16
per_shard_per_event,20180819,level_reset,32,14
per_shard_per_event,20180821,app_remove,32,32
per_shard_per_event,20180826,firebase_campaign,32,16
per_shard_per_event,20180828,first_open,32,32
per_shard_per_event,20180902,os_update,32,32
per_shard_per_event,20180919,level_reset,32,15
per_shard_per_event,20180924,os_update,32,32
per_shard_per_event,20180925,app_exception,32,11
per_shard_per_event,20181002,os_update,32,32
per_shard_per_event,20181003,os_update,32,32
per_shard_per_event,20180616,app_update,31,31
per_shard_per_event,20180622,app_exception,31,15
per_shard_per_event,20180715,first_open,31,31
per_shard_per_event,20180717,first_open,31,31
per_shard_per_event,20180727,app_update,31,31
per_shard_per_event,20180802,app_exception,31,19
per_shard_per_event,20180802,app_update,31,31
per_shard_per_event,20180802,os_update,31,31
per_shard_per_event,20180804,os_update,31,31
per_shard_per_event,20180811,os_update,31,31
per_shard_per_event,20180813,app_remove,31,31
per_shard_per_event,20180818,firebase_campaign,31,16
per_shard_per_event,20180827,no_more_extra_steps,31,14
per_shard_per_event,20180829,first_open,31,31
per_shard_per_event,20180902,app_update,31,31
per_shard_per_event,20180908,no_more_extra_steps,31,24
per_shard_per_event,20180918,first_open,31,30
per_shard_per_event,20180627,use_extra_steps,30,15
per_shard_per_event,20180704,first_open,30,30
per_shard_per_event,20180723,os_update,30,30
per_shard_per_event,20180729,error,30,11
per_shard_per_event,20180730,app_exception,30,21
per_shard_per_event,20180730,app_update,30,30
per_shard_per_event,20180803,os_update,30,30
per_shard_per_event,20180807,completed_5_levels,30,25
per_shard_per_event,20180808,app_remove,30,30
per_shard_per_event,20180808,completed_5_levels,30,24
per_shard_per_event,20180809,completed_5_levels,30,25
per_shard_per_event,20180818,error,30,16
per_shard_per_event,20180823,ad_reward,30,10
per_shard_per_event,20180823,first_open,30,30
per_shard_per_event,20180825,app_exception,30,16
per_shard_per_event,20180831,no_more_extra_steps,30,17
per_shard_per_event,20180926,os_update,30,30
per_shard_per_event,20180617,no_more_extra_steps,29,13
per_shard_per_event,20180623,app_exception,29,17
per_shard_per_event,20180630,ad_reward,29,14
per_shard_per_event,20180706,no_more_extra_steps,29,20
per_shard_per_event,20180708,first_open,29,29
per_shard_per_event,20180719,firebase_campaign,29,15
per_shard_per_event,20180720,os_update,29,29
per_shard_per_event,20180808,os_update,29,29
per_shard_per_event,20180810,first_open,29,29
per_shard_per_event,20180818,app_remove,29,29
per_shard_per_event,20180828,level_reset,29,12
per_shard_per_event,20180906,error,29,19
per_shard_per_event,20180908,os_update,29,29
per_shard_per_event,20180913,no_more_extra_steps,29,14
per_shard_per_event,20180917,app_exception,29,15
per_shard_per_event,20180921,level_reset,29,14
per_shard_per_event,20181003,no_more_extra_steps,29,18
per_shard_per_event,20180617,app_update,28,28
per_shard_per_event,20180617,first_open,28,28
per_shard_per_event,20180619,ad_reward,28,14
per_shard_per_event,20180701,ad_reward,28,9
per_shard_per_event,20180703,no_more_extra_steps,28,17
per_shard_per_event,20180709,app_exception,28,19
per_shard_per_event,20180722,os_update,28,28
per_shard_per_event,20180811,app_update,28,28
per_shard_per_event,20180822,error,28,12
per_shard_per_event,20180822,no_more_extra_steps,28,12
per_shard_per_event,20180825,app_remove,28,28
per_shard_per_event,20180827,os_update,28,28
per_shard_per_event,20180904,app_remove,28,28
per_shard_per_event,20180906,app_exception,28,10
per_shard_per_event,20180907,os_update,28,28
per_shard_per_event,20180908,app_remove,28,28
per_shard_per_event,20180908,error,28,14
per_shard_per_event,20180910,no_more_extra_steps,28,14
per_shard_per_event,20180921,app_update,28,28
per_shard_per_event,20180921,error,28,18
per_shard_per_event,20180930,app_remove,28,28
per_shard_per_event,20181001,app_remove,28,28
per_shard_per_event,20181002,app_remove,28,28
per_shard_per_event,20180616,error,27,15
per_shard_per_event,20180620,app_remove,27,27
per_shard_per_event,20180702,first_open,27,27
per_shard_per_event,20180715,app_exception,27,17
per_shard_per_event,20180723,app_update,27,27
per_shard_per_event,20180725,ad_reward,27,10
per_shard_per_event,20180726,app_exception,27,21
per_shard_per_event,20180727,os_update,27,27
per_shard_per_event,20180728,completed_5_levels,27,27
per_shard_per_event,20180803,app_remove,27,27
per_shard_per_event,20180807,app_remove,27,27
per_shard_per_event,20180809,app_remove,27,27
per_shard_per_event,20180815,first_open,27,27
per_shard_per_event,20180818,ad_reward,27,11
per_shard_per_event,20180821,no_more_extra_steps,27,21
per_shard_per_event,20180823,completed_5_levels,27,26
per_shard_per_event,20180825,no_more_extra_steps,27,22
per_shard_per_event,20180907,error,27,21
per_shard_per_event,20180907,no_more_extra_steps,27,20
per_shard_per_event,20180909,app_remove,27,27
per_shard_per_event,20180918,app_update,27,27
per_shard_per_event,20180920,first_open,27,27
per_shard_per_event,20180924,app_exception,27,10
per_shard_per_event,20180929,app_remove,27,27
per_shard_per_event,20181001,app_exception,27,14
per_shard_per_event,20181001,no_more_extra_steps,27,14
per_shard_per_event,20180617,firebase_campaign,26,13
per_shard_per_event,20180701,completed_5_levels,26,25
per_shard_per_event,20180713,ad_reward,26,9
per_shard_per_event,20180713,app_remove,26,26
per_shard_per_event,20180719,ad_reward,26,4
per_shard_per_event,20180724,no_more_extra_steps,26,12
per_shard_per_event,20180728,os_update,26,26
per_shard_per_event,20180806,app_update,26,26
per_shard_per_event,20180806,completed_5_levels,26,18
per_shard_per_event,20180807,app_update,26,26
per_shard_per_event,20180809,no_more_extra_steps,26,14
per_shard_per_event,20180816,first_open,26,26
per_shard_per_event,20180827,app_remove,26,26
per_shard_per_event,20180905,no_more_extra_steps,26,16
per_shard_per_event,20180906,app_remove,26,26
per_shard_per_event,20180907,app_update,26,26
per_shard_per_event,20180909,no_more_extra_steps,26,17
per_shard_per_event,20180927,first_open,26,26
per_shard_per_event,20180612,first_open,25,25
per_shard_per_event,20180613,first_open,25,25
per_shard_per_event,20180616,first_open,25,25
per_shard_per_event,20180619,completed_5_levels,25,21
per_shard_per_event,20180620,os_update,25,25
per_shard_per_event,20180626,completed_5_levels,25,24
per_shard_per_event,20180627,first_open,25,25
per_shard_per_event,20180707,first_open,25,25
per_shard_per_event,20180707,no_more_extra_steps,25,19
per_shard_per_event,20180715,os_update,25,25
per_shard_per_event,20180719,no_more_extra_steps,25,4
per_shard_per_event,20180720,no_more_extra_steps,25,14
per_shard_per_event,20180723,no_more_extra_steps,25,16
per_shard_per_event,20180726,no_more_extra_steps,25,16
per_shard_per_event,20180730,os_update,25,25
per_shard_per_event,20180803,app_exception,25,17
per_shard_per_event,20180810,no_more_extra_steps,25,15
per_shard_per_event,20180814,ad_reward,25,7
per_shard_per_event,20180818,app_update,25,24
per_shard_per_event,20180823,app_exception,25,20
per_shard_per_event,20180824,no_more_extra_steps,25,16
per_shard_per_event,20180824,os_update,25,25
per_shard_per_event,20180826,first_open,25,25
per_shard_per_event,20180827,ad_reward,25,8
per_shard_per_event,20180830,app_remove,25,25
per_shard_per_event,20180901,completed_5_levels,25,25
per_shard_per_event,20180901,os_update,25,25
per_shard_per_event,20180902,error,25,23
per_shard_per_event,20180904,os_update,25,25
per_shard_per_event,20180906,no_more_extra_steps,25,15
per_shard_per_event,20180922,app_remove,25,25
per_shard_per_event,20180922,error,25,9
per_shard_per_event,20180929,no_more_extra_steps,25,22
per_shard_per_event,20180930,ad_reward,25,6
per_shard_per_event,20180930,completed_5_levels,25,22
per_shard_per_event,20180612,firebase_campaign,24,12
per_shard_per_event,20180615,firebase_campaign,24,12
per_shard_per_event,20180616,use_extra_steps,24,12
per_shard_per_event,20180618,app_update,24,24
per_shard_per_event,20180624,app_remove,24,24
per_shard_per_event,20180624,os_update,24,24
per_shard_per_event,20180703,app_remove,24,24
per_shard_per_event,20180705,os_update,24,24
per_shard_per_event,20180708,completed_5_levels,24,21
per_shard_per_event,20180712,app_remove,24,24
per_shard_per_event,20180712,error,24,10
per_shard_per_event,20180715,no_more_extra_steps,24,14
per_shard_per_event,20180716,app_remove,24,24
per_shard_per_event,20180726,completed_5_levels,24,21
per_shard_per_event,20180727,app_remove,24,24
per_shard_per_event,20180729,app_exception,24,14
per_shard_per_event,20180731,no_more_extra_steps,24,16
per_shard_per_event,20180801,app_remove,24,24
per_shard_per_event,20180805,app_update,24,24
per_shard_per_event,20180806,app_exception,24,12
per_shard_per_event,20180806,os_update,24,24
per_shard_per_event,20180814,app_remove,24,24
per_shard_per_event,20180817,app_remove,24,24
per_shard_per_event,20180817,os_update,24,24
per_shard_per_event,20180820,no_more_extra_steps,24,13
per_shard_per_event,20180821,os_update,24,24
per_shard_per_event,20180823,error,24,9
per_shard_per_event,20180829,app_remove,24,24
per_shard_per_event,20180901,app_exception,24,14
per_shard_per_event,20180901,error,24,11
per_shard_per_event,20180903,no_more_extra_steps,24,19
per_shard_per_event,20180905,error,24,20
per_shard_per_event,20180910,completed_5_levels,24,20
per_shard_per_event,20180915,app_exception,24,17
per_shard_per_event,20180915,error,24,16
per_shard_per_event,20180915,os_update,24,24
per_shard_per_event,20180916,firebase_campaign,24,12
per_shard_per_event,20180918,error,24,18
per_shard_per_event,20180920,firebase_campaign,24,12
per_shard_per_event,20180928,ad_reward,24,9
per_shard_per_event,20181001,os_update,24,24
per_shard_per_event,20181002,no_more_extra_steps,24,14
per_shard_per_event,20181003,app_exception,24,17
per_shard_per_event,20180618,no_more_extra_steps,23,15
per_shard_per_event,20180621,ad_reward,23,7
per_shard_per_event,20180623,app_remove,23,23
per_shard_per_event,20180623,os_update,23,23
per_shard_per_event,20180625,firebase_campaign,23,16
per_shard_per_event,20180626,firebase_campaign,23,18
per_shard_per_event,20180629,app_remove,23,23
per_shard_per_event,20180704,os_update,23,23
per_shard_per_event,20180706,app_remove,23,23
per_shard_per_event,20180709,no_more_extra_steps,23,16
per_shard_per_event,20180709,os_update,23,23
per_shard_per_event,20180711,app_remove,23,23
per_shard_per_event,20180718,ad_reward,23,7
per_shard_per_event,20180724,first_open,23,23
per_shard_per_event,20180725,app_update,23,23
per_shard_per_event,20180729,first_open,23,23
per_shard_per_event,20180804,completed_5_levels,23,23
per_shard_per_event,20180805,os_update,23,23
per_shard_per_event,20180808,challenge_a_friend,23,6
per_shard_per_event,20180809,os_update,23,23
per_shard_per_event,20180810,app_remove,23,23
per_shard_per_event,20180810,completed_5_levels,23,21
per_shard_per_event,20180810,os_update,23,23
per_shard_per_event,20180815,firebase_campaign,23,12
per_shard_per_event,20180816,error,23,16
per_shard_per_event,20180825,os_update,23,23
per_shard_per_event,20180830,ad_reward,23,9
per_shard_per_event,20180831,ad_reward,23,12
per_shard_per_event,20180904,error,23,15
per_shard_per_event,20180905,app_remove,23,23
per_shard_per_event,20180908,app_update,23,23
per_shard_per_event,20180910,app_exception,23,14
per_shard_per_event,20180911,error,23,16
per_shard_per_event,20180919,app_update,23,23
per_shard_per_event,20180922,no_more_extra_steps,23,15
per_shard_per_event,20180923,app_exception,23,7
per_shard_per_event,20180923,error,23,16
per_shard_per_event,20180925,error,23,16
per_shard_per_event,20180925,firebase_campaign,23,11
per_shard_per_event,20180926,app_exception,23,15
per_shard_per_event,20180613,firebase_campaign,22,11
per_shard_per_event,20180614,app_remove,22,22
per_shard_per_event,20180615,error,22,7
per_shard_per_event,20180626,app_remove,22,22
per_shard_per_event,20180629,app_update,22,22
per_shard_per_event,20180630,app_remove,22,22
per_shard_per_event,20180702,no_more_extra_steps,22,14
per_shard_per_event,20180705,completed_5_levels,22,22
per_shard_per_event,20180706,os_update,22,22
per_shard_per_event,20180710,app_remove,22,22
per_shard_per_event,20180711,app_exception,22,15
per_shard_per_event,20180720,app_remove,22,22
per_shard_per_event,20180721,no_more_extra_steps,22,13
per_shard_per_event,20180722,app_remove,22,22
per_shard_per_event,20180727,completed_5_levels,22,21
per_shard_per_event,20180801,completed_5_levels,22,22
per_shard_per_event,20180812,error,22,14
per_shard_per_event,20180812,no_more_extra_steps,22,16
per_shard_per_event,20180814,app_exception,22,17
per_shard_per_event,20180814,error,22,10
per_shard_per_event,20180819,app_remove,22,22
per_shard_per_event,20180903,os_update,22,22
per_shard_per_event,20180910,os_update,22,22
per_shard_per_event,20180911,app_remove,22,22
per_shard_per_event,20180920,app_update,22,22
per_shard_per_event,20180926,no_more_extra_steps,22,16
per_shard_per_event,20180928,app_remove,22,22
per_shard_per_event,20180928,completed_5_levels,22,22
per_shard_per_event,20180612,use_extra_steps,21,10
per_shard_per_event,20180613,use_extra_steps,21,14
per_shard_per_event,20180615,app_exception,21,12
per_shard_per_event,20180619,no_more_extra_steps,21,12
per_shard_per_event,20180622,app_update,21,21
per_shard_per_event,20180622,completed_5_levels,21,21
per_shard_per_event,20180622,no_more_extra_steps,21,14
per_shard_per_event,20180627,app_exception,21,15
per_shard_per_event,20180706,ad_reward,21,10
per_shard_per_event,20180711,completed_5_levels,21,21
per_shard_per_event,20180711,os_update,21,21
per_shard_per_event,20180719,os_update,21,21
per_shard_per_event,20180720,completed_5_levels,21,20
per_shard_per_event,20180721,completed_5_levels,21,20
per_shard_per_event,20180723,app_remove,21,21
per_shard_per_event,20180724,os_update,21,21
per_shard_per_event,20180730,no_more_extra_steps,21,17
per_shard_per_event,20180731,error,21,8
per_shard_per_event,20180805,error,21,13
per_shard_per_event,20180807,error,21,11
per_shard_per_event,20180808,app_update,21,21
per_shard_per_event,20180808,no_more_extra_steps,21,18
per_shard_per_event,20180811,no_more_extra_steps,21,16
per_shard_per_event,20180813,ad_reward,21,8
per_shard_per_event,20180813,app_update,21,21
per_shard_per_event,20180814,completed_5_levels,21,19
per_shard_per_event,20180815,app_remove,21,21
per_shard_per_event,20180820,ad_reward,21,11
per_shard_per_event,20180822,ad_reward,21,7
per_shard_per_event,20180827,app_exception,21,11
per_shard_per_event,20180827,app_update,21,21
per_shard_per_event,20180828,app_remove,21,21
per_shard_per_event,20180830,completed_5_levels,21,21
per_shard_per_event,20180830,os_update,21,21
per_shard_per_event,20180902,app_remove,21,21
per_shard_per_event,20180902,firebase_campaign,21,11
per_shard_per_event,20180906,os_update,21,21
per_shard_per_event,20180911,completed_5_levels,21,18
per_shard_per_event,20180914,error,21,10
per_shard_per_event,20180917,app_remove,21,21
per_shard_per_event,20180917,os_update,21,21
per_shard_per_event,20180925,app_update,21,21
per_shard_per_event,20181003,app_remove,21,21
per_shard_per_event,20180617,error,20,17
per_shard_per_event,20180618,completed_5_levels,20,20
per_shard_per_event,20180621,completed_5_levels,20,18
per_shard_per_event,20180622,os_update,20,20
per_shard_per_event,20180706,first_open,20,20
per_shard_per_event,20180707,app_remove,20,20
per_shard_per_event,20180708,os_update,20,20
per_shard_per_event,20180717,app_remove,20,20
per_shard_per_event,20180717,error,20,5
per_shard_per_event,20180719,first_open,20,20
per_shard_per_event,20180724,completed_5_levels,20,18
per_shard_per_event,20180726,app_remove,20,20
per_shard_per_event,20180729,firebase_campaign,20,10
per_shard_per_event,20180731,completed_5_levels,20,18
per_shard_per_event,20180811,app_remove,20,20
per_shard_per_event,20180815,no_more_extra_steps,20,11
per_shard_per_event,20180820,app_remove,20,20
per_shard_per_event,20180823,app_remove,20,20
per_shard_per_event,20180824,app_remove,20,20
per_shard_per_event,20180828,no_more_extra_steps,20,12
per_shard_per_event,20180829,os_update,20,20
per_shard_per_event,20180830,app_update,20,20
per_shard_per_event,20180831,error,20,13
per_shard_per_event,20180901,no_more_extra_steps,20,16
per_shard_per_event,20180905,os_update,20,20
per_shard_per_event,20180912,os_update,20,20
per_shard_per_event,20180913,os_update,20,20
per_shard_per_event,20180919,firebase_campaign,20,10
per_shard_per_event,20180920,error,20,16
per_shard_per_event,20180922,completed_5_levels,20,16
per_shard_per_event,20180924,error,20,13
per_shard_per_event,20180926,app_remove,20,20
per_shard_per_event,20181001,ad_reward,20,8
per_shard_per_event,20181003,ad_reward,20,9
per_shard_per_event,20180617,app_exception,19,10
per_shard_per_event,20180617,use_extra_steps,19,9
per_shard_per_event,20180621,os_update,19,19
per_shard_per_event,20180628,app_exception,19,18
per_shard_per_event,20180702,os_update,19,19
per_shard_per_event,20180703,ad_reward,19,10
per_shard_per_event,20180705,app_remove,19,19
per_shard_per_event,20180707,os_update,19,19
per_shard_per_event,20180713,os_update,19,19
per_shard_per_event,20180714,completed_5_levels,19,19
per_shard_per_event,20180715,ad_reward,19,8
per_shard_per_event,20180715,app_update,19,19
per_shard_per_event,20180717,no_more_extra_steps,19,15
per_shard_per_event,20180721,app_remove,19,19
per_shard_per_event,20180723,completed_5_levels,19,19
per_shard_per_event,20180724,ad_reward,19,8
per_shard_per_event,20180729,app_remove,19,19
per_shard_per_event,20180731,os_update,19,19
per_shard_per_event,20180803,error,19,12
per_shard_per_event,20180809,ad_reward,19,7
per_shard_per_event,20180813,error,19,13
per_shard_per_event,20180813,os_update,19,19
per_shard_per_event,20180816,no_more_extra_steps,19,13
per_shard_per_event,20180817,error,19,8
per_shard_per_event,20180820,error,19,10
per_shard_per_event,20180822,os_update,19,19
per_shard_per_event,20180826,app_remove,19,19
per_shard_per_event,20180828,os_update,19,19
per_shard_per_event,20180902,no_more_extra_steps,19,15
per_shard_per_event,20180903,app_remove,19,19
per_shard_per_event,20180904,completed_5_levels,19,19
per_shard_per_event,20180908,completed_5_levels,19,19
per_shard_per_event,20180910,app_update,19,19
per_shard_per_event,20180914,os_update,19,19
per_shard_per_event,20180915,app_update,19,19
per_shard_per_event,20180915,no_more_extra_steps,19,14
per_shard_per_event,20180923,no_more_extra_steps,19,10
per_shard_per_event,20180924,completed_5_levels,19,19
per_shard_per_event,20180927,level_reset,19,8
per_shard_per_event,20180929,completed_5_levels,19,18
per_shard_per_event,20181002,ad_reward,19,8
per_shard_per_event,20181002,app_exception,19,15
per_shard_per_event,20180615,app_remove,18,18
per_shard_per_event,20180616,firebase_campaign,18,9
per_shard_per_event,20180624,completed_5_levels,18,17
per_shard_per_event,20180627,error,18,8
per_shard_per_event,20180629,no_more_extra_steps,18,10
per_shard_per_event,20180702,ad_reward,18,9
per_shard_per_event,20180704,no_more_extra_steps,18,15
per_shard_per_event,20180709,app_remove,18,18
per_shard_per_event,20180712,os_update,18,18
per_shard_per_event,20180713,completed_5_levels,18,18
per_shard_per_event,20180718,app_update,18,18
per_shard_per_event,20180722,no_more_extra_steps,18,16
per_shard_per_event,20180803,completed_5_levels,18,17
per_shard_per_event,20180804,no_more_extra_steps,18,18
per_shard_per_event,20180806,ad_reward,18,9
per_shard_per_event,20180807,ad_reward,18,12
per_shard_per_event,20180807,no_more_extra_steps,18,12
per_shard_per_event,20180811,completed_5_levels,18,18
per_shard_per_event,20180813,completed_5_levels,18,16
per_shard_per_event,20180816,app_remove,18,18
per_shard_per_event,20180816,completed_5_levels,18,15
per_shard_per_event,20180819,app_update,18,18
per_shard_per_event,20180819,error,18,12
per_shard_per_event,20180820,os_update,18,18
per_shard_per_event,20180821,completed_5_levels,18,18
per_shard_per_event,20180824,ad_reward,18,9
per_shard_per_event,20180824,app_update,18,18
per_shard_per_event,20180826,no_more_extra_steps,18,11
per_shard_per_event,20180905,completed_5_levels,18,18
per_shard_per_event,20180906,app_update,18,18
per_shard_per_event,20180913,ad_reward,18,5
per_shard_per_event,20180913,app_remove,18,18
per_shard_per_event,20180913,app_update,18,18
per_shard_per_event,20180916,app_update,18,18
per_shard_per_event,20180918,firebase_campaign,18,9
per_shard_per_event,20180919,completed_5_levels,18,18
per_shard_per_event,20180919,error,18,10
per_shard_per_event,20180920,app_exception,18,15
per_shard_per_event,20180922,app_update,18,18
per_shard_per_event,20180925,no_more_extra_steps,18,14
per_shard_per_event,20180926,completed_5_levels,18,16
per_shard_per_event,20180927,app_update,18,18
per_shard_per_event,20180927,error,18,16
per_shard_per_event,20180616,app_exception,17,11
per_shard_per_event,20180618,spend_virtual_currency,17,4
per_shard_per_event,20180624,app_update,17,17
per_shard_per_event,20180627,app_remove,17,17
per_shard_per_event,20180628,firebase_campaign,17,13
per_shard_per_event,20180704,app_remove,17,17
per_shard_per_event,20180710,completed_5_levels,17,17
per_shard_per_event,20180712,challenge_a_friend,17,6
per_shard_per_event,20180714,os_update,17,17
per_shard_per_event,20180718,app_remove,17,17
per_shard_per_event,20180718,os_update,17,17
per_shard_per_event,20180720,ad_reward,17,6
per_shard_per_event,20180726,ad_reward,17,9
per_shard_per_event,20180731,app_update,17,17
per_shard_per_event,20180801,app_update,17,17
per_shard_per_event,20180801,os_update,17,17
per_shard_per_event,20180805,no_more_extra_steps,17,12
per_shard_per_event,20180807,os_update,17,17
per_shard_per_event,20180811,error,17,10
per_shard_per_event,20180814,os_update,17,17
per_shard_per_event,20180820,completed_5_levels,17,17
per_shard_per_event,20180904,app_update,17,17
per_shard_per_event,20180905,app_update,17,17
per_shard_per_event,20180907,firebase_campaign,17,9
per_shard_per_event,20180909,os_update,17,17
per_shard_per_event,20180910,error,17,11
per_shard_per_event,20180911,os_update,17,17
per_shard_per_event,20180916,os_update,17,17
per_shard_per_event,20180917,completed_5_levels,17,17
per_shard_per_event,20180919,app_remove,17,17
per_shard_per_event,20180926,app_update,17,17
per_shard_per_event,20180927,app_exception,17,12
per_shard_per_event,20180930,app_update,17,17
per_shard_per_event,20181002,app_update,17,17
per_shard_per_event,20180623,app_update,16,16
per_shard_per_event,20180625,completed_5_levels,16,16
per_shard_per_event,20180629,ad_reward,16,6
per_shard_per_event,20180707,app_update,16,16
per_shard_per_event,20180708,app_remove,16,16
per_shard_per_event,20180709,completed_5_levels,16,15
per_shard_per_event,20180710,no_more_extra_steps,16,8
per_shard_per_event,20180715,completed_5_levels,16,14
per_shard_per_event,20180716,os_update,16,16
per_shard_per_event,20180722,error,16,9
per_shard_per_event,20180726,app_update,16,16
per_shard_per_event,20180726,os_update,16,16
per_shard_per_event,20180728,ad_reward,16,6
per_shard_per_event,20180801,no_more_extra_steps,16,13
per_shard_per_event,20180805,ad_reward,16,8
per_shard_per_event,20180805,completed_5_levels,16,15
per_shard_per_event,20180811,ad_reward,16,10
per_shard_per_event,20180812,completed_5_levels,16,16
per_shard_per_event,20180825,app_update,16,16
per_shard_per_event,20180825,error,16,10
per_shard_per_event,20180826,os_update,16,16
per_shard_per_event,20180903,completed_5_levels,16,16
per_shard_per_event,20180907,app_remove,16,16
per_shard_per_event,20180909,app_update,16,16
per_shard_per_event,20180911,app_update,16,16
per_shard_per_event,20180911,no_more_extra_steps,16,12
per_shard_per_event,20180912,completed_5_levels,16,14
per_shard_per_event,20180912,no_more_extra_steps,16,11
per_shard_per_event,20180915,app_remove,16,16
per_shard_per_event,20180917,error,16,11
per_shard_per_event,20180924,app_remove,16,16
per_shard_per_event,20180617,ad_reward,15,2
per_shard_per_event,20180623,completed_5_levels,15,14
per_shard_per_event,20180624,error,15,8
per_shard_per_event,20180627,challenge_a_friend,15,5
per_shard_per_event,20180702,error,15,3
per_shard_per_event,20180704,app_update,15,15
per_shard_per_event,20180704,completed_5_levels,15,15
per_shard_per_event,20180705,no_more_extra_steps,15,9
per_shard_per_event,20180706,app_update,15,15
per_shard_per_event,20180710,ad_reward,15,5
per_shard_per_event,20180712,completed_5_levels,15,14
per_shard_per_event,20180714,challenge_a_friend,15,8
per_shard_per_event,20180716,no_more_extra_steps,15,10
per_shard_per_event,20180720,error,15,10
per_shard_per_event,20180722,completed_5_levels,15,15
per_shard_per_event,20180723,ad_reward,15,7
per_shard_per_event,20180724,app_remove,15,15
per_shard_per_event,20180725,app_remove,15,15
per_shard_per_event,20180725,challenge_a_friend,15,7
per_shard_per_event,20180804,error,15,12
per_shard_per_event,20180810,app_update,15,15
per_shard_per_event,20180812,app_update,15,15
per_shard_per_event,20180817,app_update,15,15
per_shard_per_event,20180819,no_more_extra_steps,15,6
per_shard_per_event,20180821,ad_reward,15,8
per_shard_per_event,20180821,app_update,15,15
per_shard_per_event,20180822,completed_5_levels,15,14
per_shard_per_event,20180824,completed_5_levels,15,14
per_shard_per_event,20180826,ad_reward,15,8
per_shard_per_event,20180829,completed_5_levels,15,15
per_shard_per_event,20180831,app_update,15,15
per_shard_per_event,20180903,error,15,10
per_shard_per_event,20180909,completed_5_levels,15,15
per_shard_per_event,20180910,ad_reward,15,4
per_shard_per_event,20180910,app_remove,15,15
per_shard_per_event,20180918,no_more_extra_steps,15,14
per_shard_per_event,20180919,no_more_extra_steps,15,10
per_shard_per_event,20180924,app_update,15,15
per_shard_per_event,20181002,error,15,12
per_shard_per_event,20181003,level_reset,15,12
per_shard_per_event,20180613,error,14,10
per_shard_per_event,20180620,app_update,14,14
per_shard_per_event,20180623,no_more_extra_steps,14,9
per_shard_per_event,20180627,no_more_extra_steps,14,12
per_shard_per_event,20180627,os_update,14,14
per_shard_per_event,20180630,completed_5_levels,14,14
per_shard_per_event,20180701,app_exception,14,13
per_shard_per_event,20180703,os_update,14,14
per_shard_per_event,20180704,error,14,10
per_shard_per_event,20180706,completed_5_levels,14,14
per_shard_per_event,20180718,completed_5_levels,14,13
per_shard_per_event,20180719,app_remove,14,14
per_shard_per_event,20180721,ad_reward,14,7
per_shard_per_event,20180729,no_more_extra_steps,14,13
per_shard_per_event,20180731,ad_reward,14,10
per_shard_per_event,20180802,no_more_extra_steps,14,10
per_shard_per_event,20180809,app_update,14,14
per_shard_per_event,20180810,error,14,8
per_shard_per_event,20180812,os_update,14,14
per_shard_per_event,20180814,app_update,14,14
per_shard_per_event,20180815,os_update,14,14
per_shard_per_event,20180819,completed_5_levels,14,12
per_shard_per_event,20180823,os_update,14,14
per_shard_per_event,20180824,error,14,8
per_shard_per_event,20180825,completed_5_levels,14,13
per_shard_per_event,20180826,error,14,9
per_shard_per_event,20180828,app_update,14,14
per_shard_per_event,20180829,no_more_extra_steps,14,11
per_shard_per_event,20180831,os_update,14,14
per_shard_per_event,20180904,no_more_extra_steps,14,12
per_shard_per_event,20180905,ad_reward,14,4
per_shard_per_event,20180909,ad_reward,14,7
per_shard_per_event,20180913,completed_5_levels,14,13
per_shard_per_event,20180913,error,14,13
per_shard_per_event,20180914,completed_5_levels,14,14
per_shard_per_event,20180915,completed_5_levels,14,13
per_shard_per_event,20180918,app_exception,14,10
per_shard_per_event,20180927,no_more_extra_steps,14,8
per_shard_per_event,20180930,error,14,9
per_shard_per_event,20181003,challenge_a_friend,14,7
per_shard_per_event,20181003,completed_5_levels,14,14
per_shard_per_event,20181003,error,14,9
per_shard_per_event,20180612,app_remove,13,13
per_shard_per_event,20180613,app_remove,13,13
per_shard_per_event,20180617,app_remove,13,13
per_shard_per_event,20180620,no_more_extra_steps,13,6
per_shard_per_event,20180622,ad_reward,13,5
per_shard_per_event,20180628,completed_5_levels,13,13
per_shard_per_event,20180701,firebase_campaign,13,12
per_shard_per_event,20180702,app_remove,13,13
per_shard_per_event,20180703,completed_5_levels,13,12
per_shard_per_event,20180705,ad_reward,13,7
per_shard_per_event,20180705,app_update,13,13
per_shard_per_event,20180707,ad_reward,13,9
per_shard_per_event,20180708,app_update,13,13
per_shard_per_event,20180708,no_more_extra_steps,13,12
per_shard_per_event,20180710,app_update,13,13
per_shard_per_event,20180710,os_update,13,13
per_shard_per_event,20180711,app_update,13,13
per_shard_per_event,20180712,app_update,13,13
per_shard_per_event,20180715,app_remove,13,13
per_shard_per_event,20180716,app_update,13,13
per_shard_per_event,20180725,completed_5_levels,13,13
per_shard_per_event,20180729,completed_5_levels,13,13
per_shard_per_event,20180730,ad_reward,13,9
per_shard_per_event,20180731,challenge_a_friend,13,7
per_shard_per_event,20180801,error,13,8
per_shard_per_event,20180803,ad_reward,13,6
per_shard_per_event,20180809,error,13,9
per_shard_per_event,20180810,ad_reward,13,6
per_shard_per_event,20180818,completed_5_levels,13,13
per_shard_per_event,20180819,ad_reward,13,6
per_shard_per_event,20180820,app_update,13,13
per_shard_per_event,20180828,ad_reward,13,7
per_shard_per_event,20180828,error,13,13
per_shard_per_event,20180829,error,13,11
per_shard_per_event,20180917,app_update,13,13
per_shard_per_event,20180917,no_more_extra_steps,13,10
per_shard_per_event,20180920,no_more_extra_steps,13,8
per_shard_per_event,20180923,firebase_campaign,13,7
per_shard_per_event,20180925,completed_5_levels,13,13
per_shard_per_event,20180928,app_update,13,13
per_shard_per_event,20180929,app_update,13,13
per_shard_per_event,20181001,app_update,13,13
per_shard_per_event,20181001,error,13,7
per_shard_per_event,20180614,no_more_extra_steps,12,12
per_shard_per_event,20180615,completed_5_levels,12,12
per_shard_per_event,20180623,error,12,9
per_shard_per_event,20180627,completed_5_levels,12,12
per_shard_per_event,20180629,completed_5_levels,12,10
per_shard_per_event,20180630,challenge_a_friend,12,5
per_shard_per_event,20180709,ad_reward,12,5
per_shard_per_event,20180711,error,12,8
per_shard_per_event,20180717,os_update,12,12
per_shard_per_event,20180721,error,12,9
per_shard_per_event,20180723,error,12,7
per_shard_per_event,20180802,completed_5_levels,12,12
per_shard_per_event,20180802,error,12,8
per_shard_per_event,20180808,error,12,7
per_shard_per_event,20180815,ad_reward,12,5
per_shard_per_event,20180816,app_update,12,12
per_shard_per_event,20180816,os_update,12,12
per_shard_per_event,20180817,completed_5_levels,12,11
per_shard_per_event,20180821,error,12,7
per_shard_per_event,20180823,app_update,12,12
per_shard_per_event,20180828,completed_5_levels,12,12
per_shard_per_event,20180831,completed_5_levels,12,12
per_shard_per_event,20180901,ad_reward,12,8
per_shard_per_event,20180906,ad_reward,12,2
per_shard_per_event,20180919,app_exception,12,6
per_shard_per_event,20180921,firebase_campaign,12,6
per_shard_per_event,20180923,ad_reward,12,3
per_shard_per_event,20180923,app_remove,12,12
per_shard_per_event,20180924,no_more_extra_steps,12,10
per_shard_per_event,20180926,ad_reward,12,8
per_shard_per_event,20180929,error,12,8
per_shard_per_event,20180614,error,11,11
per_shard_per_event,20180615,no_more_extra_steps,11,10
per_shard_per_event,20180619,firebase_campaign,11,9
per_shard_per_event,20180620,ad_reward,11,4
per_shard_per_event,20180620,completed_5_levels,11,9
per_shard_per_event,20180622,error,11,6
per_shard_per_event,20180702,completed_5_levels,11,11
per_shard_per_event,20180713,app_update,11,11
per_shard_per_event,20180713,error,11,8
per_shard_per_event,20180716,ad_reward,11,4
per_shard_per_event,20180716,completed_5_levels,11,10
per_shard_per_event,20180717,app_update,11,11
per_shard_per_event,20180717,completed_5_levels,11,11
per_shard_per_event,20180722,ad_reward,11,8
per_shard_per_event,20180727,no_more_extra_steps,11,8
per_shard_per_event,20180806,error,11,8
per_shard_per_event,20180819,os_update,11,11
per_shard_per_event,20180825,ad_reward,11,8
per_shard_per_event,20180826,app_update,11,11
per_shard_per_event,20180827,completed_5_levels,11,11
per_shard_per_event,20180903,ad_reward,11,5
per_shard_per_event,20180903,app_update,11,11
per_shard_per_event,20180903,challenge_a_friend,11,6
per_shard_per_event,20180907,completed_5_levels,11,11
per_shard_per_event,20180914,app_remove,11,11
per_shard_per_event,20180921,completed_5_levels,11,11
per_shard_per_event,20180922,ad_reward,11,5
per_shard_per_event,20180926,error,11,7
per_shard_per_event,20180612,no_more_extra_steps,10,8
per_shard_per_event,20180619,first_open,10,10
per_shard_per_event,20180620,error,10,6
per_shard_per_event,20180630,app_exception,10,9
per_shard_per_event,20180703,app_update,10,10
per_shard_per_event,20180704,ad_reward,10,6
per_shard_per_event,20180714,app_update,10,10
per_shard_per_event,20180804,ad_reward,10,9
per_shard_per_event,20180808,ad_reward,10,7
per_shard_per_event,20180812,ad_reward,10,5
per_shard_per_event,20180815,error,10,9
per_shard_per_event,20180816,ad_reward,10,6
per_shard_per_event,20180830,challenge_a_friend,10,5
per_shard_per_event,20180830,error,10,8
per_shard_per_event,20180902,ad_reward,10,4
per_shard_per_event,20180904,app_exception,10,7
per_shard_per_event,20180912,ad_reward,10,7
per_shard_per_event,20180914,app_update,10,10
per_shard_per_event,20180918,completed_5_levels,10,10
per_shard_per_event,20180921,app_exception,10,8
per_shard_per_event,20180925,app_remove,10,10
per_shard_per_event,20180927,ad_reward,10,5
per_shard_per_event,20180929,ad_reward,10,7
per_shard_per_event,20181001,completed_5_levels,10,10
per_shard_per_event,20181002,completed_5_levels,10,10
per_shard_per_event,20181003,app_update,10,10
per_shard_per_event,20180612,completed_5_levels,9,9
per_shard_per_event,20180612,error,9,8
per_shard_per_event,20180616,no_more_extra_steps,9,7
per_shard_per_event,20180617,completed_5_levels,9,9
per_shard_per_event,20180618,firebase_campaign,9,8
per_shard_per_event,20180621,app_update,9,9
per_shard_per_event,20180626,app_exception,9,9
per_shard_per_event,20180627,app_update,9,9
per_shard_per_event,20180629,error,9,6
per_shard_per_event,20180703,challenge_a_friend,9,5
per_shard_per_event,20180706,error,9,4
per_shard_per_event,20180707,completed_5_levels,9,9
per_shard_per_event,20180707,error,9,9
per_shard_per_event,20180711,no_more_extra_steps,9,8
per_shard_per_event,20180714,error,9,5
per_shard_per_event,20180715,error,9,9
per_shard_per_event,20180723,challenge_a_friend,9,6
per_shard_per_event,20180726,error,9,4
per_shard_per_event,20180727,error,9,6
per_shard_per_event,20180802,ad_reward,9,7
per_shard_per_event,20180822,app_update,9,9
per_shard_per_event,20180901,app_update,9,9
per_shard_per_event,20180908,ad_reward,9,4
per_shard_per_event,20180915,ad_reward,9,6
per_shard_per_event,20180920,completed_5_levels,9,9
per_shard_per_event,20180921,no_more_extra_steps,9,9
per_shard_per_event,20180923,completed_5_levels,9,9
per_shard_per_event,20180613,completed_5_levels,8,8
per_shard_per_event,20180613,no_more_extra_steps,8,8
per_shard_per_event,20180614,completed_5_levels,8,8
per_shard_per_event,20180623,ad_reward,8,5
per_shard_per_event,20180625,app_exception,8,7
per_shard_per_event,20180627,ad_reward,8,7
per_shard_per_event,20180629,challenge_a_friend,8,6
per_shard_per_event,20180630,firebase_campaign,8,8
per_shard_per_event,20180702,app_update,8,8
per_shard_per_event,20180718,challenge_a_friend,8,6
per_shard_per_event,20180724,challenge_a_friend,8,6
per_shard_per_event,20180724,error,8,6
per_shard_per_event,20180725,dynamic_link_app_open,8,1
per_shard_per_event,20180725,error,8,7
per_shard_per_event,20180727,ad_reward,8,5
per_shard_per_event,20180728,error,8,7
per_shard_per_event,20180730,error,8,7
per_shard_per_event,20180815,completed_5_levels,8,8
per_shard_per_event,20180823,challenge_a_friend,8,5
per_shard_per_event,20180827,challenge_a_friend,8,4
per_shard_per_event,20180829,app_update,8,8
per_shard_per_event,20180907,ad_reward,8,3
per_shard_per_event,20180916,completed_5_levels,8,7
per_shard_per_event,20180917,ad_reward,8,7
per_shard_per_event,20180918,app_remove,8,8
per_shard_per_event,20180920,ad_reward,8,3
per_shard_per_event,20180925,ad_reward,8,5
per_shard_per_event,20180927,completed_5_levels,8,8
per_shard_per_event,20181001,challenge_a_friend,8,4
per_shard_per_event,20180616,app_remove,7,7
per_shard_per_event,20180621,error,7,6
per_shard_per_event,20180626,challenge_a_friend,7,4
per_shard_per_event,20180628,challenge_a_friend,7,3
per_shard_per_event,20180705,error,7,7
per_shard_per_event,20180708,ad_reward,7,6
per_shard_per_event,20180708,challenge_a_friend,7,4
per_shard_per_event,20180709,app_update,7,7
per_shard_per_event,20180711,ad_reward,7,7
per_shard_per_event,20180719,completed_5_levels,7,7
per_shard_per_event,20180719,error,7,4
per_shard_per_event,20180801,ad_reward,7,4
per_shard_per_event,20180806,challenge_a_friend,7,6
per_shard_per_event,20180807,challenge_a_friend,7,4
per_shard_per_event,20180813,challenge_a_friend,7,4
per_shard_per_event,20180814,challenge_a_friend,7,5
per_shard_per_event,20180824,challenge_a_friend,7,4
per_shard_per_event,20180829,ad_reward,7,5
per_shard_per_event,20180902,completed_5_levels,7,7
per_shard_per_event,20180912,challenge_a_friend,7,6
per_shard_per_event,20180912,error,7,6
per_shard_per_event,20180916,app_remove,7,7
per_shard_per_event,20180921,app_remove,7,7
per_shard_per_event,20180927,app_remove,7,7
per_shard_per_event,20180613,ad_reward,6,4
per_shard_per_event,20180615,ad_reward,6,4
per_shard_per_event,20180615,challenge_a_friend,6,4
per_shard_per_event,20180616,completed_5_levels,6,5
per_shard_per_event,20180623,challenge_a_friend,6,6
per_shard_per_event,20180717,challenge_a_friend,6,3
per_shard_per_event,20180726,challenge_a_friend,6,3
per_shard_per_event,20180728,challenge_a_friend,6,5
per_shard_per_event,20180729,ad_reward,6,5
per_shard_per_event,20180801,challenge_a_friend,6,3
per_shard_per_event,20180817,challenge_a_friend,6,3
per_shard_per_event,20180821,challenge_a_friend,6,4
per_shard_per_event,20180826,challenge_a_friend,6,3
per_shard_per_event,20180827,error,6,4
per_shard_per_event,20180831,challenge_a_friend,6,3
per_shard_per_event,20180904,ad_reward,6,4
per_shard_per_event,20180905,challenge_a_friend,6,4
per_shard_per_event,20180911,ad_reward,6,4
per_shard_per_event,20180918,ad_reward,6,5
per_shard_per_event,20180919,ad_reward,6,3
per_shard_per_event,20180927,firebase_campaign,6,3
per_shard_per_event,20180612,ad_reward,5,3
per_shard_per_event,20180622,challenge_a_friend,5,2
per_shard_per_event,20180708,error,5,5
per_shard_per_event,20180709,challenge_a_friend,5,4
per_shard_per_event,20180710,error,5,5
per_shard_per_event,20180717,ad_reward,5,3
per_shard_per_event,20180718,error,5,5
per_shard_per_event,20180720,challenge_a_friend,5,5
per_shard_per_event,20180729,challenge_a_friend,5,2
per_shard_per_event,20180803,challenge_a_friend,5,4
per_shard_per_event,20180809,challenge_a_friend,5,5
per_shard_per_event,20180811,challenge_a_friend,5,2
per_shard_per_event,20180815,app_update,5,5
per_shard_per_event,20180901,challenge_a_friend,5,1
per_shard_per_event,20180906,challenge_a_friend,5,3
per_shard_per_event,20180906,completed_5_levels,5,5
per_shard_per_event,20180911,challenge_a_friend,5,2
per_shard_per_event,20180912,app_update,5,5
per_shard_per_event,20180920,app_remove,5,5
per_shard_per_event,20180924,ad_reward,5,4
per_shard_per_event,20180928,challenge_a_friend,5,4
per_shard_per_event,20180928,error,5,5
per_shard_per_event,20180616,ad_reward,4,3
per_shard_per_event,20180618,challenge_a_friend,4,3
per_shard_per_event,20180621,challenge_a_friend,4,2
per_shard_per_event,20180625,challenge_a_friend,4,3
per_shard_per_event,20180709,error,4,4
per_shard_per_event,20180710,challenge_a_friend,4,3
per_shard_per_event,20180711,challenge_a_friend,4,2
per_shard_per_event,20180715,challenge_a_friend,4,2
per_shard_per_event,20180716,error,4,4
per_shard_per_event,20180719,challenge_a_friend,4,3
per_shard_per_event,20180804,challenge_a_friend,4,3
per_shard_per_event,20180805,challenge_a_friend,4,2
per_shard_per_event,20180826,completed_5_levels,4,4
per_shard_per_event,20180902,challenge_a_friend,4,2
per_shard_per_event,20180930,challenge_a_friend,4,2
per_shard_per_event,20180617,challenge_a_friend,3,2
per_shard_per_event,20180701,challenge_a_friend,3,3
per_shard_per_event,20180703,dynamic_link_app_open,3,2
per_shard_per_event,20180703,error,3,3
per_shard_per_event,20180722,challenge_a_friend,3,3
per_shard_per_event,20180802,challenge_a_friend,3,2
per_shard_per_event,20180815,challenge_a_friend,3,1
per_shard_per_event,20180818,challenge_a_friend,3,2
per_shard_per_event,20180822,challenge_a_friend,3,2
per_shard_per_event,20180918,challenge_a_friend,3,2
per_shard_per_event,20180921,ad_reward,3,3
per_shard_per_event,20180925,challenge_a_friend,3,3
per_shard_per_event,20181002,challenge_a_friend,3,3
per_shard_per_event,20180613,challenge_a_friend,2,1
per_shard_per_event,20180619,spend_virtual_currency,2,2
per_shard_per_event,20180626,error,2,1
per_shard_per_event,20180628,in_app_purchase,2,2
per_shard_per_event,20180701,spend_virtual_currency,2,1
per_shard_per_event,20180705,challenge_a_friend,2,2
per_shard_per_event,20180713,challenge_a_friend,2,2
per_shard_per_event,20180731,in_app_purchase,2,2
per_shard_per_event,20180810,challenge_a_friend,2,2
per_shard_per_event,20180819,challenge_a_friend,2,2
per_shard_per_event,20180820,challenge_a_friend,2,1
per_shard_per_event,20180828,challenge_a_friend,2,1
per_shard_per_event,20180829,challenge_a_friend,2,2
per_shard_per_event,20180905,in_app_purchase,2,2
per_shard_per_event,20180908,challenge_a_friend,2,2
per_shard_per_event,20180909,challenge_a_friend,2,1
per_shard_per_event,20180915,challenge_a_friend,2,1
per_shard_per_event,20180916,challenge_a_friend,2,2
per_shard_per_event,20180920,in_app_purchase,2,2
per_shard_per_event,20180922,challenge_a_friend,2,2
per_shard_per_event,20180923,challenge_a_friend,2,2
per_shard_per_event,20180924,challenge_a_friend,2,2
per_shard_per_event,20180927,challenge_a_friend,2,2
per_shard_per_event,20180612,challenge_a_friend,1,1
per_shard_per_event,20180614,ad_reward,1,1
per_shard_per_event,20180614,challenge_a_friend,1,1
per_shard_per_event,20180616,challenge_a_friend,1,1
per_shard_per_event,20180617,in_app_purchase,1,1
per_shard_per_event,20180619,app_clear_data,1,1
per_shard_per_event,20180619,challenge_a_friend,1,1
per_shard_per_event,20180619,dynamic_link_app_open,1,1
per_shard_per_event,20180619,dynamic_link_first_open,1,1
per_shard_per_event,20180620,app_clear_data,1,1
per_shard_per_event,20180620,challenge_a_friend,1,1
per_shard_per_event,20180621,challenge_accepted,1,1
per_shard_per_event,20180621,dynamic_link_app_open,1,1
per_shard_per_event,20180621,dynamic_link_first_open,1,1
per_shard_per_event,20180621,in_app_purchase,1,1
per_shard_per_event,20180622,app_clear_data,1,1
per_shard_per_event,20180624,challenge_a_friend,1,1
per_shard_per_event,20180625,dynamic_link_app_open,1,1
per_shard_per_event,20180625,dynamic_link_first_open,1,1
per_shard_per_event,20180625,error,1,1
per_shard_per_event,20180626,app_clear_data,1,1
per_shard_per_event,20180626,first_open,1,1
per_shard_per_event,20180626,in_app_purchase,1,1
per_shard_per_event,20180628,app_clear_data,1,1
per_shard_per_event,20180630,dynamic_link_first_open,1,1
per_shard_per_event,20180630,in_app_purchase,1,1
per_shard_per_event,20180630,spend_virtual_currency,1,1
per_shard_per_event,20180701,error,1,1
per_shard_per_event,20180702,app_clear_data,1,1
per_shard_per_event,20180702,challenge_a_friend,1,1
per_shard_per_event,20180703,challenge_accepted,1,1
per_shard_per_event,20180704,app_clear_data,1,1
per_shard_per_event,20180705,dynamic_link_first_open,1,1
per_shard_per_event,20180706,challenge_a_friend,1,1
per_shard_per_event,20180712,dynamic_link_first_open,1,1
per_shard_per_event,20180713,app_clear_data,1,1
per_shard_per_event,20180716,challenge_a_friend,1,1
per_shard_per_event,20180720,dynamic_link_first_open,1,1
per_shard_per_event,20180721,challenge_a_friend,1,1
per_shard_per_event,20180722,in_app_purchase,1,1
per_shard_per_event,20180725,challenge_accepted,1,1
per_shard_per_event,20180725,dynamic_link_first_open,1,1
per_shard_per_event,20180725,in_app_purchase,1,1
per_shard_per_event,20180726,challenge_accepted,1,1
per_shard_per_event,20180726,dynamic_link_app_open,1,1
per_shard_per_event,20180727,challenge_a_friend,1,1
per_shard_per_event,20180728,app_clear_data,1,1
per_shard_per_event,20180728,notification_foreground,1,1
per_shard_per_event,20180801,dynamic_link_app_open,1,1
per_shard_per_event,20180801,in_app_purchase,1,1
per_shard_per_event,20180803,in_app_purchase,1,1
per_shard_per_event,20180807,in_app_purchase,1,1
per_shard_per_event,20180808,dynamic_link_app_open,1,1
per_shard_per_event,20180812,challenge_a_friend,1,1
per_shard_per_event,20180814,app_clear_data,1,1
per_shard_per_event,20180815,in_app_purchase,1,1
per_shard_per_event,20180816,challenge_a_friend,1,1
per_shard_per_event,20180824,dynamic_link_first_open,1,1
per_shard_per_event,20180825,app_clear_data,1,1
per_shard_per_event,20180825,challenge_a_friend,1,1
per_shard_per_event,20180826,in_app_purchase,1,1
per_shard_per_event,20180827,app_clear_data,1,1
per_shard_per_event,20180829,app_clear_data,1,1
per_shard_per_event,20180831,dynamic_link_first_open,1,1
per_shard_per_event,20180903,challenge_accepted,1,1
per_shard_per_event,20180903,dynamic_link_app_open,1,1
per_shard_per_event,20180904,challenge_a_friend,1,1
per_shard_per_event,20180905,dynamic_link_first_open,1,1
per_shard_per_event,20180906,dynamic_link_app_open,1,1
per_shard_per_event,20180906,dynamic_link_first_open,1,1
per_shard_per_event,20180906,in_app_purchase,1,1
per_shard_per_event,20180907,app_clear_data,1,1
per_shard_per_event,20180907,challenge_a_friend,1,1
per_shard_per_event,20180910,challenge_a_friend,1,1
per_shard_per_event,20180910,in_app_purchase,1,1
per_shard_per_event,20180912,app_clear_data,1,1
per_shard_per_event,20180912,in_app_purchase,1,1
per_shard_per_event,20180914,challenge_a_friend,1,1
per_shard_per_event,20180917,dynamic_link_first_open,1,1
per_shard_per_event,20180919,challenge_a_friend,1,1
per_shard_per_event,20180919,in_app_purchase,1,1
per_shard_per_event,20180920,challenge_a_friend,1,1
per_shard_per_event,20180921,challenge_a_friend,1,1
per_shard_per_event,20180922,dynamic_link_first_open,1,1
per_shard_per_event,20180923,app_clear_data,1,1
per_shard_per_event,20180923,in_app_purchase,1,1
per_shard_per_event,20180925,dynamic_link_first_open,1,1
per_shard_per_event,20180925,in_app_purchase,1,1
per_shard_per_event,20180926,challenge_a_friend,1,1
per_shard_per_event,20180926,dynamic_link_first_open,1,1
per_shard_per_event,20180929,challenge_a_friend,1,1
per_shard_per_event,20180930,app_clear_data,1,1
per_shard_per_event,20181002,in_app_purchase,1,1
per_shard_per_event,20181003,in_app_purchase,1,1
